FINAL SLOT SETUP - Florida Timezone with Location

1. Adding location column to slots table...
(node:95223) Warning: Setting the NODE_TLS_REJECT_UNAUTHORIZED environment variable to '0' makes TLS connections and HTTPS requests insecure by disabling certificate verification.
(Use `node --trace-warnings ...` to show where the warning was created)
[INFO] 2025-11-28T06:53:09.833Z - Database connection established {}
[DEBUG] 2025-11-28T06:53:10.146Z - Executed query {
  text: '\n' +
    '            ALTER TABLE slots\n' +
    "            ADD COLUMN IF NOT EXISTS location VARCHAR(255) DEFAULT 'RES General Hospital';\n" +
    '        ',
  duration: 2599,
  rows: null
}
✓ Location column added/verified

2. Clearing ALL existing slots...
[DEBUG] 2025-11-28T06:53:10.454Z - Executed query { text: 'DELETE FROM slots', duration: 307, rows: 177 }
✓ All slots cleared

3. Creating slots for DEXA, MRI, Open MRI, and Open Upright MRI...

Creating slots for 2025-11-29:
[DEBUG] 2025-11-28T06:53:10.760Z - Executed query {
  text: '\n' +
    '                            INSERT INTO slots (slot_id, start_time, end_time, service_type, location, status)\n' +
    '                            VALUES ($1, $2, $3, $4, $5, $6)\n' +
    '                        ',
  duration: 305,
  rows: 1
}
[DEBUG] 2025-11-28T06:53:11.065Z - Executed query {
  text: '\n' +
    '                            INSERT INTO slots (slot_id, start_time, end_time, service_type, location, status)\n' +
    '                            VALUES ($1, $2, $3, $4, $5, $6)\n' +
    '                        ',
  duration: 304,
  rows: 1
}
[DEBUG] 2025-11-28T06:53:11.361Z - Executed query {
  text: '\n' +
    '                            INSERT INTO slots (slot_id, start_time, end_time, service_type, location, status)\n' +
    '                            VALUES ($1, $2, $3, $4, $5, $6)\n' +
    '                        ',
  duration: 296,
  rows: 1
}
[DEBUG] 2025-11-28T06:53:11.664Z - Executed query {
  text: '\n' +
    '                            INSERT INTO slots (slot_id, start_time, end_time, service_type, location, status)\n' +
    '                            VALUES ($1, $2, $3, $4, $5, $6)\n' +
    '                        ',
  duration: 303,
  rows: 1
}
[DEBUG] 2025-11-28T06:53:11.968Z - Executed query {
  text: '\n' +
    '                            INSERT INTO slots (slot_id, start_time, end_time, service_type, location, status)\n' +
    '                            VALUES ($1, $2, $3, $4, $5, $6)\n' +
    '                        ',
  duration: 303,
  rows: 1
}
[DEBUG] 2025-11-28T06:53:12.264Z - Executed query {
  text: '\n' +
    '                            INSERT INTO slots (slot_id, start_time, end_time, service_type, location, status)\n' +
    '                            VALUES ($1, $2, $3, $4, $5, $6)\n' +
    '                        ',
  duration: 295,
  rows: 1
}
[DEBUG] 2025-11-28T06:53:12.564Z - Executed query {
  text: '\n' +
    '                            INSERT INTO slots (slot_id, start_time, end_time, service_type, location, status)\n' +
    '                            VALUES ($1, $2, $3, $4, $5, $6)\n' +
    '                        ',
  duration: 300,
  rows: 1
}
[DEBUG] 2025-11-28T06:53:12.867Z - Executed query {
  text: '\n' +
    '                            INSERT INTO slots (slot_id, start_time, end_time, service_type, location, status)\n' +
    '                            VALUES ($1, $2, $3, $4, $5, $6)\n' +
    '                        ',
  duration: 302,
  rows: 1
}
[DEBUG] 2025-11-28T06:53:13.166Z - Executed query {
  text: '\n' +
    '                            INSERT INTO slots (slot_id, start_time, end_time, service_type, location, status)\n' +
    '                            VALUES ($1, $2, $3, $4, $5, $6)\n' +
    '                        ',
  duration: 299,
  rows: 1
}
[DEBUG] 2025-11-28T06:53:13.459Z - Executed query {
  text: '\n' +
    '                                INSERT INTO slots (slot_id, start_time, end_time, service_type, location, status)\n' +
    '                                VALUES ($1, $2, $3, $4, $5, $6)\n' +
    '                            ',
  duration: 292,
  rows: 1
}
[DEBUG] 2025-11-28T06:53:13.769Z - Executed query {
  text: '\n' +
    '                                INSERT INTO slots (slot_id, start_time, end_time, service_type, location, status)\n' +
    '                                VALUES ($1, $2, $3, $4, $5, $6)\n' +
    '                            ',
  duration: 309,
  rows: 1
}
[DEBUG] 2025-11-28T06:53:14.070Z - Executed query {
  text: '\n' +
    '                                INSERT INTO slots (slot_id, start_time, end_time, service_type, location, status)\n' +
    '                                VALUES ($1, $2, $3, $4, $5, $6)\n' +
    '                            ',
  duration: 301,
  rows: 1
}
[DEBUG] 2025-11-28T06:53:14.373Z - Executed query {
  text: '\n' +
    '                                INSERT INTO slots (slot_id, start_time, end_time, service_type, location, status)\n' +
    '                                VALUES ($1, $2, $3, $4, $5, $6)\n' +
    '                            ',
  duration: 302,
  rows: 1
}
[DEBUG] 2025-11-28T06:53:14.675Z - Executed query {
  text: '\n' +
    '                                INSERT INTO slots (slot_id, start_time, end_time, service_type, location, status)\n' +
    '                                VALUES ($1, $2, $3, $4, $5, $6)\n' +
    '                            ',
  duration: 301,
  rows: 1
}
[DEBUG] 2025-11-28T06:53:14.974Z - Executed query {
  text: '\n' +
    '                                INSERT INTO slots (slot_id, start_time, end_time, service_type, location, status)\n' +
    '                                VALUES ($1, $2, $3, $4, $5, $6)\n' +
    '                            ',
  duration: 298,
  rows: 1
}
[DEBUG] 2025-11-28T06:53:15.273Z - Executed query {
  text: '\n' +
    '                                INSERT INTO slots (slot_id, start_time, end_time, service_type, location, status)\n' +
    '                                VALUES ($1, $2, $3, $4, $5, $6)\n' +
    '                            ',
  duration: 299,
  rows: 1
}
[DEBUG] 2025-11-28T06:53:15.573Z - Executed query {
  text: '\n' +
    '                                INSERT INTO slots (slot_id, start_time, end_time, service_type, location, status)\n' +
    '                                VALUES ($1, $2, $3, $4, $5, $6)\n' +
    '                            ',
  duration: 300,
  rows: 1
}
[DEBUG] 2025-11-28T06:53:15.880Z - Executed query {
  text: '\n' +
    '                                INSERT INTO slots (slot_id, start_time, end_time, service_type, location, status)\n' +
    '                                VALUES ($1, $2, $3, $4, $5, $6)\n' +
    '                            ',
  duration: 307,
  rows: 1
}
[DEBUG] 2025-11-28T06:53:16.176Z - Executed query {
  text: '\n' +
    '                                INSERT INTO slots (slot_id, start_time, end_time, service_type, location, status)\n' +
    '                                VALUES ($1, $2, $3, $4, $5, $6)\n' +
    '                            ',
  duration: 295,
  rows: 1
}
[DEBUG] 2025-11-28T06:53:16.475Z - Executed query {
  text: '\n' +
    '                                INSERT INTO slots (slot_id, start_time, end_time, service_type, location, status)\n' +
    '                                VALUES ($1, $2, $3, $4, $5, $6)\n' +
    '                            ',
  duration: 299,
  rows: 1
}
[DEBUG] 2025-11-28T06:53:16.773Z - Executed query {
  text: '\n' +
    '                                INSERT INTO slots (slot_id, start_time, end_time, service_type, location, status)\n' +
    '                                VALUES ($1, $2, $3, $4, $5, $6)\n' +
    '                            ',
  duration: 298,
  rows: 1
}
[DEBUG] 2025-11-28T06:53:17.075Z - Executed query {
  text: '\n' +
    '                                INSERT INTO slots (slot_id, start_time, end_time, service_type, location, status)\n' +
    '                                VALUES ($1, $2, $3, $4, $5, $6)\n' +
    '                            ',
  duration: 301,
  rows: 1
}
[DEBUG] 2025-11-28T06:53:17.377Z - Executed query {
  text: '\n' +
    '                                INSERT INTO slots (slot_id, start_time, end_time, service_type, location, status)\n' +
    '                                VALUES ($1, $2, $3, $4, $5, $6)\n' +
    '                            ',
  duration: 301,
  rows: 1
}
[DEBUG] 2025-11-28T06:53:17.678Z - Executed query {
  text: '\n' +
    '                                INSERT INTO slots (slot_id, start_time, end_time, service_type, location, status)\n' +
    '                                VALUES ($1, $2, $3, $4, $5, $6)\n' +
    '                            ',
  duration: 300,
  rows: 1
}
[DEBUG] 2025-11-28T06:53:17.973Z - Executed query {
  text: '\n' +
    '                                INSERT INTO slots (slot_id, start_time, end_time, service_type, location, status)\n' +
    '                                VALUES ($1, $2, $3, $4, $5, $6)\n' +
    '                            ',
  duration: 295,
  rows: 1
}
[DEBUG] 2025-11-28T06:53:18.267Z - Executed query {
  text: '\n' +
    '                                INSERT INTO slots (slot_id, start_time, end_time, service_type, location, status)\n' +
    '                                VALUES ($1, $2, $3, $4, $5, $6)\n' +
    '                            ',
  duration: 294,
  rows: 1
}
[DEBUG] 2025-11-28T06:53:18.564Z - Executed query {
  text: '\n' +
    '                                INSERT INTO slots (slot_id, start_time, end_time, service_type, location, status)\n' +
    '                                VALUES ($1, $2, $3, $4, $5, $6)\n' +
    '                            ',
  duration: 297,
  rows: 1
}
[DEBUG] 2025-11-28T06:53:18.860Z - Executed query {
  text: '\n' +
    '                                INSERT INTO slots (slot_id, start_time, end_time, service_type, location, status)\n' +
    '                                VALUES ($1, $2, $3, $4, $5, $6)\n' +
    '                            ',
  duration: 296,
  rows: 1
}
[DEBUG] 2025-11-28T06:53:19.157Z - Executed query {
  text: '\n' +
    '                                INSERT INTO slots (slot_id, start_time, end_time, service_type, location, status)\n' +
    '                                VALUES ($1, $2, $3, $4, $5, $6)\n' +
    '                            ',
  duration: 297,
  rows: 1
}
[DEBUG] 2025-11-28T06:53:19.455Z - Executed query {
  text: '\n' +
    '                                INSERT INTO slots (slot_id, start_time, end_time, service_type, location, status)\n' +
    '                                VALUES ($1, $2, $3, $4, $5, $6)\n' +
    '                            ',
  duration: 298,
  rows: 1
}
[DEBUG] 2025-11-28T06:53:19.771Z - Executed query {
  text: '\n' +
    '                                INSERT INTO slots (slot_id, start_time, end_time, service_type, location, status)\n' +
    '                                VALUES ($1, $2, $3, $4, $5, $6)\n' +
    '                            ',
  duration: 316,
  rows: 1
}
[DEBUG] 2025-11-28T06:53:20.073Z - Executed query {
  text: '\n' +
    '                                INSERT INTO slots (slot_id, start_time, end_time, service_type, location, status)\n' +
    '                                VALUES ($1, $2, $3, $4, $5, $6)\n' +
    '                            ',
  duration: 302,
  rows: 1
}
[DEBUG] 2025-11-28T06:53:20.370Z - Executed query {
  text: '\n' +
    '                                INSERT INTO slots (slot_id, start_time, end_time, service_type, location, status)\n' +
    '                                VALUES ($1, $2, $3, $4, $5, $6)\n' +
    '                            ',
  duration: 297,
  rows: 1
}
[DEBUG] 2025-11-28T06:53:20.668Z - Executed query {
  text: '\n' +
    '                            INSERT INTO slots (slot_id, start_time, end_time, service_type, location, status)\n' +
    '                            VALUES ($1, $2, $3, $4, $5, $6)\n' +
    '                        ',
  duration: 298,
  rows: 1
}
[DEBUG] 2025-11-28T06:53:20.985Z - Executed query {
  text: '\n' +
    '                            INSERT INTO slots (slot_id, start_time, end_time, service_type, location, status)\n' +
    '                            VALUES ($1, $2, $3, $4, $5, $6)\n' +
    '                        ',
  duration: 316,
  rows: 1
}
[DEBUG] 2025-11-28T06:53:21.289Z - Executed query {
  text: '\n' +
    '                            INSERT INTO slots (slot_id, start_time, end_time, service_type, location, status)\n' +
    '                            VALUES ($1, $2, $3, $4, $5, $6)\n' +
    '                        ',
  duration: 303,
  rows: 1
}
[DEBUG] 2025-11-28T06:53:21.585Z - Executed query {
  text: '\n' +
    '                            INSERT INTO slots (slot_id, start_time, end_time, service_type, location, status)\n' +
    '                            VALUES ($1, $2, $3, $4, $5, $6)\n' +
    '                        ',
  duration: 296,
  rows: 1
}
[DEBUG] 2025-11-28T06:53:21.879Z - Executed query {
  text: '\n' +
    '                            INSERT INTO slots (slot_id, start_time, end_time, service_type, location, status)\n' +
    '                            VALUES ($1, $2, $3, $4, $5, $6)\n' +
    '                        ',
  duration: 294,
  rows: 1
}
[DEBUG] 2025-11-28T06:53:22.181Z - Executed query {
  text: '\n' +
    '                            INSERT INTO slots (slot_id, start_time, end_time, service_type, location, status)\n' +
    '                            VALUES ($1, $2, $3, $4, $5, $6)\n' +
    '                        ',
  duration: 302,
  rows: 1
}
[DEBUG] 2025-11-28T06:53:22.492Z - Executed query {
  text: '\n' +
    '                            INSERT INTO slots (slot_id, start_time, end_time, service_type, location, status)\n' +
    '                            VALUES ($1, $2, $3, $4, $5, $6)\n' +
    '                        ',
  duration: 311,
  rows: 1
}
[DEBUG] 2025-11-28T06:53:22.797Z - Executed query {
  text: '\n' +
    '                            INSERT INTO slots (slot_id, start_time, end_time, service_type, location, status)\n' +
    '                            VALUES ($1, $2, $3, $4, $5, $6)\n' +
    '                        ',
  duration: 305,
  rows: 1
}
[DEBUG] 2025-11-28T06:53:23.104Z - Executed query {
  text: '\n' +
    '                            INSERT INTO slots (slot_id, start_time, end_time, service_type, location, status)\n' +
    '                            VALUES ($1, $2, $3, $4, $5, $6)\n' +
    '                        ',
  duration: 306,
  rows: 1
}
[DEBUG] 2025-11-28T06:53:23.404Z - Executed query {
  text: '\n' +
    '                                INSERT INTO slots (slot_id, start_time, end_time, service_type, location, status)\n' +
    '                                VALUES ($1, $2, $3, $4, $5, $6)\n' +
    '                            ',
  duration: 299,
  rows: 1
}
[DEBUG] 2025-11-28T06:53:23.703Z - Executed query {
  text: '\n' +
    '                                INSERT INTO slots (slot_id, start_time, end_time, service_type, location, status)\n' +
    '                                VALUES ($1, $2, $3, $4, $5, $6)\n' +
    '                            ',
  duration: 298,
  rows: 1
}
[DEBUG] 2025-11-28T06:53:24.012Z - Executed query {
  text: '\n' +
    '                                INSERT INTO slots (slot_id, start_time, end_time, service_type, location, status)\n' +
    '                                VALUES ($1, $2, $3, $4, $5, $6)\n' +
    '                            ',
  duration: 309,
  rows: 1
}
[DEBUG] 2025-11-28T06:53:24.316Z - Executed query {
  text: '\n' +
    '                                INSERT INTO slots (slot_id, start_time, end_time, service_type, location, status)\n' +
    '                                VALUES ($1, $2, $3, $4, $5, $6)\n' +
    '                            ',
  duration: 304,
  rows: 1
}
[DEBUG] 2025-11-28T06:53:24.617Z - Executed query {
  text: '\n' +
    '                                INSERT INTO slots (slot_id, start_time, end_time, service_type, location, status)\n' +
    '                                VALUES ($1, $2, $3, $4, $5, $6)\n' +
    '                            ',
  duration: 300,
  rows: 1
}
[DEBUG] 2025-11-28T06:53:24.910Z - Executed query {
  text: '\n' +
    '                                INSERT INTO slots (slot_id, start_time, end_time, service_type, location, status)\n' +
    '                                VALUES ($1, $2, $3, $4, $5, $6)\n' +
    '                            ',
  duration: 293,
  rows: 1
}
[DEBUG] 2025-11-28T06:53:25.210Z - Executed query {
  text: '\n' +
    '                                INSERT INTO slots (slot_id, start_time, end_time, service_type, location, status)\n' +
    '                                VALUES ($1, $2, $3, $4, $5, $6)\n' +
    '                            ',
  duration: 300,
  rows: 1
}
[DEBUG] 2025-11-28T06:53:25.503Z - Executed query {
  text: '\n' +
    '                                INSERT INTO slots (slot_id, start_time, end_time, service_type, location, status)\n' +
    '                                VALUES ($1, $2, $3, $4, $5, $6)\n' +
    '                            ',
  duration: 293,
  rows: 1
}
[DEBUG] 2025-11-28T06:53:25.801Z - Executed query {
  text: '\n' +
    '                                INSERT INTO slots (slot_id, start_time, end_time, service_type, location, status)\n' +
    '                                VALUES ($1, $2, $3, $4, $5, $6)\n' +
    '                            ',
  duration: 298,
  rows: 1
}
[DEBUG] 2025-11-28T06:53:26.097Z - Executed query {
  text: '\n' +
    '                                INSERT INTO slots (slot_id, start_time, end_time, service_type, location, status)\n' +
    '                                VALUES ($1, $2, $3, $4, $5, $6)\n' +
    '                            ',
  duration: 296,
  rows: 1
}
[DEBUG] 2025-11-28T06:53:26.401Z - Executed query {
  text: '\n' +
    '                                INSERT INTO slots (slot_id, start_time, end_time, service_type, location, status)\n' +
    '                                VALUES ($1, $2, $3, $4, $5, $6)\n' +
    '                            ',
  duration: 304,
  rows: 1
}
[DEBUG] 2025-11-28T06:53:26.716Z - Executed query {
  text: '\n' +
    '                                INSERT INTO slots (slot_id, start_time, end_time, service_type, location, status)\n' +
    '                                VALUES ($1, $2, $3, $4, $5, $6)\n' +
    '                            ',
  duration: 315,
  rows: 1
}
[DEBUG] 2025-11-28T06:53:27.041Z - Executed query {
  text: '\n' +
    '                                INSERT INTO slots (slot_id, start_time, end_time, service_type, location, status)\n' +
    '                                VALUES ($1, $2, $3, $4, $5, $6)\n' +
    '                            ',
  duration: 325,
  rows: 1
}
[DEBUG] 2025-11-28T06:53:27.340Z - Executed query {
  text: '\n' +
    '                                INSERT INTO slots (slot_id, start_time, end_time, service_type, location, status)\n' +
    '                                VALUES ($1, $2, $3, $4, $5, $6)\n' +
    '                            ',
  duration: 298,
  rows: 1
}
[DEBUG] 2025-11-28T06:53:27.656Z - Executed query {
  text: '\n' +
    '                                INSERT INTO slots (slot_id, start_time, end_time, service_type, location, status)\n' +
    '                                VALUES ($1, $2, $3, $4, $5, $6)\n' +
    '                            ',
  duration: 316,
  rows: 1
}
[DEBUG] 2025-11-28T06:53:27.961Z - Executed query {
  text: '\n' +
    '                                INSERT INTO slots (slot_id, start_time, end_time, service_type, location, status)\n' +
    '                                VALUES ($1, $2, $3, $4, $5, $6)\n' +
    '                            ',
  duration: 305,
  rows: 1
}
[DEBUG] 2025-11-28T06:53:28.309Z - Executed query {
  text: '\n' +
    '                                INSERT INTO slots (slot_id, start_time, end_time, service_type, location, status)\n' +
    '                                VALUES ($1, $2, $3, $4, $5, $6)\n' +
    '                            ',
  duration: 348,
  rows: 1
}
[DEBUG] 2025-11-28T06:53:28.623Z - Executed query {
  text: '\n' +
    '                                INSERT INTO slots (slot_id, start_time, end_time, service_type, location, status)\n' +
    '                                VALUES ($1, $2, $3, $4, $5, $6)\n' +
    '                            ',
  duration: 313,
  rows: 1
}
[DEBUG] 2025-11-28T06:53:29.103Z - Executed query {
  text: '\n' +
    '                                INSERT INTO slots (slot_id, start_time, end_time, service_type, location, status)\n' +
    '                                VALUES ($1, $2, $3, $4, $5, $6)\n' +
    '                            ',
  duration: 479,
  rows: 1
}
[DEBUG] 2025-11-28T06:53:29.398Z - Executed query {
  text: '\n' +
    '                                INSERT INTO slots (slot_id, start_time, end_time, service_type, location, status)\n' +
    '                                VALUES ($1, $2, $3, $4, $5, $6)\n' +
    '                            ',
  duration: 295,
  rows: 1
}
[DEBUG] 2025-11-28T06:53:29.703Z - Executed query {
  text: '\n' +
    '                                INSERT INTO slots (slot_id, start_time, end_time, service_type, location, status)\n' +
    '                                VALUES ($1, $2, $3, $4, $5, $6)\n' +
    '                            ',
  duration: 304,
  rows: 1
}
[DEBUG] 2025-11-28T06:53:29.999Z - Executed query {
  text: '\n' +
    '                                INSERT INTO slots (slot_id, start_time, end_time, service_type, location, status)\n' +
    '                                VALUES ($1, $2, $3, $4, $5, $6)\n' +
    '                            ',
  duration: 296,
  rows: 1
}
[DEBUG] 2025-11-28T06:53:30.297Z - Executed query {
  text: '\n' +
    '                                INSERT INTO slots (slot_id, start_time, end_time, service_type, location, status)\n' +
    '                                VALUES ($1, $2, $3, $4, $5, $6)\n' +
    '                            ',
  duration: 297,
  rows: 1
}
[DEBUG] 2025-11-28T06:53:30.738Z - Executed query {
  text: '\n' +
    '                                INSERT INTO slots (slot_id, start_time, end_time, service_type, location, status)\n' +
    '                                VALUES ($1, $2, $3, $4, $5, $6)\n' +
    '                            ',
  duration: 440,
  rows: 1
}
[DEBUG] 2025-11-28T06:53:31.033Z - Executed query {
  text: '\n' +
    '                            INSERT INTO slots (slot_id, start_time, end_time, service_type, location, status)\n' +
    '                            VALUES ($1, $2, $3, $4, $5, $6)\n' +
    '                        ',
  duration: 295,
  rows: 1
}
[DEBUG] 2025-11-28T06:53:31.333Z - Executed query {
  text: '\n' +
    '                            INSERT INTO slots (slot_id, start_time, end_time, service_type, location, status)\n' +
    '                            VALUES ($1, $2, $3, $4, $5, $6)\n' +
    '                        ',
  duration: 299,
  rows: 1
}
[DEBUG] 2025-11-28T06:53:32.339Z - Executed query {
  text: '\n' +
    '                            INSERT INTO slots (slot_id, start_time, end_time, service_type, location, status)\n' +
    '                            VALUES ($1, $2, $3, $4, $5, $6)\n' +
    '                        ',
  duration: 1005,
  rows: 1
}
[DEBUG] 2025-11-28T06:53:32.639Z - Executed query {
  text: '\n' +
    '                            INSERT INTO slots (slot_id, start_time, end_time, service_type, location, status)\n' +
    '                            VALUES ($1, $2, $3, $4, $5, $6)\n' +
    '                        ',
  duration: 300,
  rows: 1
}
[DEBUG] 2025-11-28T06:53:32.935Z - Executed query {
  text: '\n' +
    '                            INSERT INTO slots (slot_id, start_time, end_time, service_type, location, status)\n' +
    '                            VALUES ($1, $2, $3, $4, $5, $6)\n' +
    '                        ',
  duration: 296,
  rows: 1
}
[DEBUG] 2025-11-28T06:53:33.235Z - Executed query {
  text: '\n' +
    '                            INSERT INTO slots (slot_id, start_time, end_time, service_type, location, status)\n' +
    '                            VALUES ($1, $2, $3, $4, $5, $6)\n' +
    '                        ',
  duration: 299,
  rows: 1
}
[DEBUG] 2025-11-28T06:53:33.536Z - Executed query {
  text: '\n' +
    '                            INSERT INTO slots (slot_id, start_time, end_time, service_type, location, status)\n' +
    '                            VALUES ($1, $2, $3, $4, $5, $6)\n' +
    '                        ',
  duration: 301,
  rows: 1
}
[DEBUG] 2025-11-28T06:53:33.836Z - Executed query {
  text: '\n' +
    '                            INSERT INTO slots (slot_id, start_time, end_time, service_type, location, status)\n' +
    '                            VALUES ($1, $2, $3, $4, $5, $6)\n' +
    '                        ',
  duration: 300,
  rows: 1
}
[DEBUG] 2025-11-28T06:53:34.132Z - Executed query {
  text: '\n' +
    '                            INSERT INTO slots (slot_id, start_time, end_time, service_type, location, status)\n' +
    '                            VALUES ($1, $2, $3, $4, $5, $6)\n' +
    '                        ',
  duration: 296,
  rows: 1
}
[DEBUG] 2025-11-28T06:53:34.432Z - Executed query {
  text: '\n' +
    '                                INSERT INTO slots (slot_id, start_time, end_time, service_type, location, status)\n' +
    '                                VALUES ($1, $2, $3, $4, $5, $6)\n' +
    '                            ',
  duration: 300,
  rows: 1
}
[DEBUG] 2025-11-28T06:53:34.728Z - Executed query {
  text: '\n' +
    '                                INSERT INTO slots (slot_id, start_time, end_time, service_type, location, status)\n' +
    '                                VALUES ($1, $2, $3, $4, $5, $6)\n' +
    '                            ',
  duration: 296,
  rows: 1
}
[DEBUG] 2025-11-28T06:53:35.027Z - Executed query {
  text: '\n' +
    '                                INSERT INTO slots (slot_id, start_time, end_time, service_type, location, status)\n' +
    '                                VALUES ($1, $2, $3, $4, $5, $6)\n' +
    '                            ',
  duration: 299,
  rows: 1
}
[DEBUG] 2025-11-28T06:53:35.334Z - Executed query {
  text: '\n' +
    '                                INSERT INTO slots (slot_id, start_time, end_time, service_type, location, status)\n' +
    '                                VALUES ($1, $2, $3, $4, $5, $6)\n' +
    '                            ',
  duration: 307,
  rows: 1
}
[DEBUG] 2025-11-28T06:53:35.632Z - Executed query {
  text: '\n' +
    '                                INSERT INTO slots (slot_id, start_time, end_time, service_type, location, status)\n' +
    '                                VALUES ($1, $2, $3, $4, $5, $6)\n' +
    '                            ',
  duration: 298,
  rows: 1
}
[DEBUG] 2025-11-28T06:53:35.951Z - Executed query {
  text: '\n' +
    '                                INSERT INTO slots (slot_id, start_time, end_time, service_type, location, status)\n' +
    '                                VALUES ($1, $2, $3, $4, $5, $6)\n' +
    '                            ',
  duration: 319,
  rows: 1
}
[DEBUG] 2025-11-28T06:53:36.251Z - Executed query {
  text: '\n' +
    '                                INSERT INTO slots (slot_id, start_time, end_time, service_type, location, status)\n' +
    '                                VALUES ($1, $2, $3, $4, $5, $6)\n' +
    '                            ',
  duration: 300,
  rows: 1
}
[DEBUG] 2025-11-28T06:53:36.557Z - Executed query {
  text: '\n' +
    '                                INSERT INTO slots (slot_id, start_time, end_time, service_type, location, status)\n' +
    '                                VALUES ($1, $2, $3, $4, $5, $6)\n' +
    '                            ',
  duration: 306,
  rows: 1
}
[DEBUG] 2025-11-28T06:53:36.863Z - Executed query {
  text: '\n' +
    '                                INSERT INTO slots (slot_id, start_time, end_time, service_type, location, status)\n' +
    '                                VALUES ($1, $2, $3, $4, $5, $6)\n' +
    '                            ',
  duration: 306,
  rows: 1
}
[DEBUG] 2025-11-28T06:53:37.172Z - Executed query {
  text: '\n' +
    '                                INSERT INTO slots (slot_id, start_time, end_time, service_type, location, status)\n' +
    '                                VALUES ($1, $2, $3, $4, $5, $6)\n' +
    '                            ',
  duration: 308,
  rows: 1
}
[DEBUG] 2025-11-28T06:53:37.480Z - Executed query {
  text: '\n' +
    '                                INSERT INTO slots (slot_id, start_time, end_time, service_type, location, status)\n' +
    '                                VALUES ($1, $2, $3, $4, $5, $6)\n' +
    '                            ',
  duration: 308,
  rows: 1
}
[DEBUG] 2025-11-28T06:53:37.784Z - Executed query {
  text: '\n' +
    '                                INSERT INTO slots (slot_id, start_time, end_time, service_type, location, status)\n' +
    '                                VALUES ($1, $2, $3, $4, $5, $6)\n' +
    '                            ',
  duration: 304,
  rows: 1
}
[DEBUG] 2025-11-28T06:53:38.079Z - Executed query {
  text: '\n' +
    '                                INSERT INTO slots (slot_id, start_time, end_time, service_type, location, status)\n' +
    '                                VALUES ($1, $2, $3, $4, $5, $6)\n' +
    '                            ',
  duration: 295,
  rows: 1
}
[DEBUG] 2025-11-28T06:53:38.379Z - Executed query {
  text: '\n' +
    '                                INSERT INTO slots (slot_id, start_time, end_time, service_type, location, status)\n' +
    '                                VALUES ($1, $2, $3, $4, $5, $6)\n' +
    '                            ',
  duration: 300,
  rows: 1
}
[DEBUG] 2025-11-28T06:53:38.674Z - Executed query {
  text: '\n' +
    '                                INSERT INTO slots (slot_id, start_time, end_time, service_type, location, status)\n' +
    '                                VALUES ($1, $2, $3, $4, $5, $6)\n' +
    '                            ',
  duration: 295,
  rows: 1
}
[DEBUG] 2025-11-28T06:53:38.973Z - Executed query {
  text: '\n' +
    '                                INSERT INTO slots (slot_id, start_time, end_time, service_type, location, status)\n' +
    '                                VALUES ($1, $2, $3, $4, $5, $6)\n' +
    '                            ',
  duration: 299,
  rows: 1
}
[DEBUG] 2025-11-28T06:53:39.268Z - Executed query {
  text: '\n' +
    '                                INSERT INTO slots (slot_id, start_time, end_time, service_type, location, status)\n' +
    '                                VALUES ($1, $2, $3, $4, $5, $6)\n' +
    '                            ',
  duration: 295,
  rows: 1
}
[DEBUG] 2025-11-28T06:53:39.565Z - Executed query {
  text: '\n' +
    '                                INSERT INTO slots (slot_id, start_time, end_time, service_type, location, status)\n' +
    '                                VALUES ($1, $2, $3, $4, $5, $6)\n' +
    '                            ',
  duration: 297,
  rows: 1
}
[DEBUG] 2025-11-28T06:53:39.864Z - Executed query {
  text: '\n' +
    '                                INSERT INTO slots (slot_id, start_time, end_time, service_type, location, status)\n' +
    '                                VALUES ($1, $2, $3, $4, $5, $6)\n' +
    '                            ',
  duration: 298,
  rows: 1
}
[DEBUG] 2025-11-28T06:53:40.168Z - Executed query {
  text: '\n' +
    '                                INSERT INTO slots (slot_id, start_time, end_time, service_type, location, status)\n' +
    '                                VALUES ($1, $2, $3, $4, $5, $6)\n' +
    '                            ',
  duration: 303,
  rows: 1
}
[DEBUG] 2025-11-28T06:53:40.467Z - Executed query {
  text: '\n' +
    '                                INSERT INTO slots (slot_id, start_time, end_time, service_type, location, status)\n' +
    '                                VALUES ($1, $2, $3, $4, $5, $6)\n' +
    '                            ',
  duration: 299,
  rows: 1
}
[DEBUG] 2025-11-28T06:53:40.763Z - Executed query {
  text: '\n' +
    '                                INSERT INTO slots (slot_id, start_time, end_time, service_type, location, status)\n' +
    '                                VALUES ($1, $2, $3, $4, $5, $6)\n' +
    '                            ',
  duration: 295,
  rows: 1
}
[DEBUG] 2025-11-28T06:53:41.064Z - Executed query {
  text: '\n' +
    '                                INSERT INTO slots (slot_id, start_time, end_time, service_type, location, status)\n' +
    '                                VALUES ($1, $2, $3, $4, $5, $6)\n' +
    '                            ',
  duration: 301,
  rows: 1
}
[DEBUG] 2025-11-28T06:53:41.373Z - Executed query {
  text: '\n' +
    '                                INSERT INTO slots (slot_id, start_time, end_time, service_type, location, status)\n' +
    '                                VALUES ($1, $2, $3, $4, $5, $6)\n' +
    '                            ',
  duration: 309,
  rows: 1
}
  Created 99 slots for 2025-11-29
Creating slots for 2025-11-30:
[DEBUG] 2025-11-28T06:53:41.684Z - Executed query {
  text: '\n' +
    '                            INSERT INTO slots (slot_id, start_time, end_time, service_type, location, status)\n' +
    '                            VALUES ($1, $2, $3, $4, $5, $6)\n' +
    '                        ',
  duration: 311,
  rows: 1
}
[DEBUG] 2025-11-28T06:53:41.986Z - Executed query {
  text: '\n' +
    '                            INSERT INTO slots (slot_id, start_time, end_time, service_type, location, status)\n' +
    '                            VALUES ($1, $2, $3, $4, $5, $6)\n' +
    '                        ',
  duration: 301,
  rows: 1
}
[DEBUG] 2025-11-28T06:53:42.285Z - Executed query {
  text: '\n' +
    '                            INSERT INTO slots (slot_id, start_time, end_time, service_type, location, status)\n' +
    '                            VALUES ($1, $2, $3, $4, $5, $6)\n' +
    '                        ',
  duration: 299,
  rows: 1
}
[DEBUG] 2025-11-28T06:53:42.600Z - Executed query {
  text: '\n' +
    '                            INSERT INTO slots (slot_id, start_time, end_time, service_type, location, status)\n' +
    '                            VALUES ($1, $2, $3, $4, $5, $6)\n' +
    '                        ',
  duration: 315,
  rows: 1
}
[DEBUG] 2025-11-28T06:53:42.901Z - Executed query {
  text: '\n' +
    '                            INSERT INTO slots (slot_id, start_time, end_time, service_type, location, status)\n' +
    '                            VALUES ($1, $2, $3, $4, $5, $6)\n' +
    '                        ',
  duration: 301,
  rows: 1
}
[DEBUG] 2025-11-28T06:53:43.224Z - Executed query {
  text: '\n' +
    '                            INSERT INTO slots (slot_id, start_time, end_time, service_type, location, status)\n' +
    '                            VALUES ($1, $2, $3, $4, $5, $6)\n' +
    '                        ',
  duration: 323,
  rows: 1
}
[DEBUG] 2025-11-28T06:53:43.527Z - Executed query {
  text: '\n' +
    '                            INSERT INTO slots (slot_id, start_time, end_time, service_type, location, status)\n' +
    '                            VALUES ($1, $2, $3, $4, $5, $6)\n' +
    '                        ',
  duration: 303,
  rows: 1
}
[DEBUG] 2025-11-28T06:53:43.823Z - Executed query {
  text: '\n' +
    '                            INSERT INTO slots (slot_id, start_time, end_time, service_type, location, status)\n' +
    '                            VALUES ($1, $2, $3, $4, $5, $6)\n' +
    '                        ',
  duration: 296,
  rows: 1
}
[DEBUG] 2025-11-28T06:53:44.125Z - Executed query {
  text: '\n' +
    '                            INSERT INTO slots (slot_id, start_time, end_time, service_type, location, status)\n' +
    '                            VALUES ($1, $2, $3, $4, $5, $6)\n' +
    '                        ',
  duration: 301,
  rows: 1
}
[DEBUG] 2025-11-28T06:53:44.419Z - Executed query {
  text: '\n' +
    '                                INSERT INTO slots (slot_id, start_time, end_time, service_type, location, status)\n' +
    '                                VALUES ($1, $2, $3, $4, $5, $6)\n' +
    '                            ',
  duration: 294,
  rows: 1
}
[DEBUG] 2025-11-28T06:53:44.717Z - Executed query {
  text: '\n' +
    '                                INSERT INTO slots (slot_id, start_time, end_time, service_type, location, status)\n' +
    '                                VALUES ($1, $2, $3, $4, $5, $6)\n' +
    '                            ',
  duration: 297,
  rows: 1
}
[DEBUG] 2025-11-28T06:53:45.018Z - Executed query {
  text: '\n' +
    '                                INSERT INTO slots (slot_id, start_time, end_time, service_type, location, status)\n' +
    '                                VALUES ($1, $2, $3, $4, $5, $6)\n' +
    '                            ',
  duration: 301,
  rows: 1
}
[DEBUG] 2025-11-28T06:53:45.325Z - Executed query {
  text: '\n' +
    '                                INSERT INTO slots (slot_id, start_time, end_time, service_type, location, status)\n' +
    '                                VALUES ($1, $2, $3, $4, $5, $6)\n' +
    '                            ',
  duration: 307,
  rows: 1
}
[DEBUG] 2025-11-28T06:53:45.620Z - Executed query {
  text: '\n' +
    '                                INSERT INTO slots (slot_id, start_time, end_time, service_type, location, status)\n' +
    '                                VALUES ($1, $2, $3, $4, $5, $6)\n' +
    '                            ',
  duration: 294,
  rows: 1
}
[DEBUG] 2025-11-28T06:53:45.916Z - Executed query {
  text: '\n' +
    '                                INSERT INTO slots (slot_id, start_time, end_time, service_type, location, status)\n' +
    '                                VALUES ($1, $2, $3, $4, $5, $6)\n' +
    '                            ',
  duration: 296,
  rows: 1
}
[DEBUG] 2025-11-28T06:53:46.214Z - Executed query {
  text: '\n' +
    '                                INSERT INTO slots (slot_id, start_time, end_time, service_type, location, status)\n' +
    '                                VALUES ($1, $2, $3, $4, $5, $6)\n' +
    '                            ',
  duration: 298,
  rows: 1
}
[DEBUG] 2025-11-28T06:53:46.510Z - Executed query {
  text: '\n' +
    '                                INSERT INTO slots (slot_id, start_time, end_time, service_type, location, status)\n' +
    '                                VALUES ($1, $2, $3, $4, $5, $6)\n' +
    '                            ',
  duration: 295,
  rows: 1
}
[DEBUG] 2025-11-28T06:53:46.804Z - Executed query {
  text: '\n' +
    '                                INSERT INTO slots (slot_id, start_time, end_time, service_type, location, status)\n' +
    '                                VALUES ($1, $2, $3, $4, $5, $6)\n' +
    '                            ',
  duration: 294,
  rows: 1
}
[DEBUG] 2025-11-28T06:53:47.109Z - Executed query {
  text: '\n' +
    '                                INSERT INTO slots (slot_id, start_time, end_time, service_type, location, status)\n' +
    '                                VALUES ($1, $2, $3, $4, $5, $6)\n' +
    '                            ',
  duration: 304,
  rows: 1
}
[DEBUG] 2025-11-28T06:53:47.436Z - Executed query {
  text: '\n' +
    '                                INSERT INTO slots (slot_id, start_time, end_time, service_type, location, status)\n' +
    '                                VALUES ($1, $2, $3, $4, $5, $6)\n' +
    '                            ',
  duration: 327,
  rows: 1
}
[DEBUG] 2025-11-28T06:53:47.738Z - Executed query {
  text: '\n' +
    '                                INSERT INTO slots (slot_id, start_time, end_time, service_type, location, status)\n' +
    '                                VALUES ($1, $2, $3, $4, $5, $6)\n' +
    '                            ',
  duration: 302,
  rows: 1
}
[DEBUG] 2025-11-28T06:53:48.045Z - Executed query {
  text: '\n' +
    '                                INSERT INTO slots (slot_id, start_time, end_time, service_type, location, status)\n' +
    '                                VALUES ($1, $2, $3, $4, $5, $6)\n' +
    '                            ',
  duration: 307,
  rows: 1
}
[DEBUG] 2025-11-28T06:53:48.341Z - Executed query {
  text: '\n' +
    '                                INSERT INTO slots (slot_id, start_time, end_time, service_type, location, status)\n' +
    '                                VALUES ($1, $2, $3, $4, $5, $6)\n' +
    '                            ',
  duration: 295,
  rows: 1
}
[DEBUG] 2025-11-28T06:53:48.639Z - Executed query {
  text: '\n' +
    '                                INSERT INTO slots (slot_id, start_time, end_time, service_type, location, status)\n' +
    '                                VALUES ($1, $2, $3, $4, $5, $6)\n' +
    '                            ',
  duration: 298,
  rows: 1
}
[DEBUG] 2025-11-28T06:53:48.933Z - Executed query {
  text: '\n' +
    '                                INSERT INTO slots (slot_id, start_time, end_time, service_type, location, status)\n' +
    '                                VALUES ($1, $2, $3, $4, $5, $6)\n' +
    '                            ',
  duration: 294,
  rows: 1
}
[DEBUG] 2025-11-28T06:53:49.232Z - Executed query {
  text: '\n' +
    '                                INSERT INTO slots (slot_id, start_time, end_time, service_type, location, status)\n' +
    '                                VALUES ($1, $2, $3, $4, $5, $6)\n' +
    '                            ',
  duration: 299,
  rows: 1
}
[DEBUG] 2025-11-28T06:53:49.528Z - Executed query {
  text: '\n' +
    '                                INSERT INTO slots (slot_id, start_time, end_time, service_type, location, status)\n' +
    '                                VALUES ($1, $2, $3, $4, $5, $6)\n' +
    '                            ',
  duration: 295,
  rows: 1
}
[DEBUG] 2025-11-28T06:53:49.826Z - Executed query {
  text: '\n' +
    '                                INSERT INTO slots (slot_id, start_time, end_time, service_type, location, status)\n' +
    '                                VALUES ($1, $2, $3, $4, $5, $6)\n' +
    '                            ',
  duration: 298,
  rows: 1
}
[DEBUG] 2025-11-28T06:53:50.144Z - Executed query {
  text: '\n' +
    '                                INSERT INTO slots (slot_id, start_time, end_time, service_type, location, status)\n' +
    '                                VALUES ($1, $2, $3, $4, $5, $6)\n' +
    '                            ',
  duration: 317,
  rows: 1
}
[DEBUG] 2025-11-28T06:53:50.446Z - Executed query {
  text: '\n' +
    '                                INSERT INTO slots (slot_id, start_time, end_time, service_type, location, status)\n' +
    '                                VALUES ($1, $2, $3, $4, $5, $6)\n' +
    '                            ',
  duration: 302,
  rows: 1
}
[DEBUG] 2025-11-28T06:53:50.741Z - Executed query {
  text: '\n' +
    '                                INSERT INTO slots (slot_id, start_time, end_time, service_type, location, status)\n' +
    '                                VALUES ($1, $2, $3, $4, $5, $6)\n' +
    '                            ',
  duration: 295,
  rows: 1
}
[DEBUG] 2025-11-28T06:53:51.042Z - Executed query {
  text: '\n' +
    '                                INSERT INTO slots (slot_id, start_time, end_time, service_type, location, status)\n' +
    '                                VALUES ($1, $2, $3, $4, $5, $6)\n' +
    '                            ',
  duration: 301,
  rows: 1
}
[DEBUG] 2025-11-28T06:53:51.344Z - Executed query {
  text: '\n' +
    '                                INSERT INTO slots (slot_id, start_time, end_time, service_type, location, status)\n' +
    '                                VALUES ($1, $2, $3, $4, $5, $6)\n' +
    '                            ',
  duration: 302,
  rows: 1
}
[DEBUG] 2025-11-28T06:53:51.663Z - Executed query {
  text: '\n' +
    '                            INSERT INTO slots (slot_id, start_time, end_time, service_type, location, status)\n' +
    '                            VALUES ($1, $2, $3, $4, $5, $6)\n' +
    '                        ',
  duration: 318,
  rows: 1
}
[DEBUG] 2025-11-28T06:53:51.959Z - Executed query {
  text: '\n' +
    '                            INSERT INTO slots (slot_id, start_time, end_time, service_type, location, status)\n' +
    '                            VALUES ($1, $2, $3, $4, $5, $6)\n' +
    '                        ',
  duration: 295,
  rows: 1
}
[DEBUG] 2025-11-28T06:53:52.268Z - Executed query {
  text: '\n' +
    '                            INSERT INTO slots (slot_id, start_time, end_time, service_type, location, status)\n' +
    '                            VALUES ($1, $2, $3, $4, $5, $6)\n' +
    '                        ',
  duration: 308,
  rows: 1
}
[DEBUG] 2025-11-28T06:53:52.562Z - Executed query {
  text: '\n' +
    '                            INSERT INTO slots (slot_id, start_time, end_time, service_type, location, status)\n' +
    '                            VALUES ($1, $2, $3, $4, $5, $6)\n' +
    '                        ',
  duration: 294,
  rows: 1
}
[DEBUG] 2025-11-28T06:53:52.859Z - Executed query {
  text: '\n' +
    '                            INSERT INTO slots (slot_id, start_time, end_time, service_type, location, status)\n' +
    '                            VALUES ($1, $2, $3, $4, $5, $6)\n' +
    '                        ',
  duration: 297,
  rows: 1
}
[DEBUG] 2025-11-28T06:53:53.153Z - Executed query {
  text: '\n' +
    '                            INSERT INTO slots (slot_id, start_time, end_time, service_type, location, status)\n' +
    '                            VALUES ($1, $2, $3, $4, $5, $6)\n' +
    '                        ',
  duration: 294,
  rows: 1
}
[DEBUG] 2025-11-28T06:53:53.454Z - Executed query {
  text: '\n' +
    '                            INSERT INTO slots (slot_id, start_time, end_time, service_type, location, status)\n' +
    '                            VALUES ($1, $2, $3, $4, $5, $6)\n' +
    '                        ',
  duration: 300,
  rows: 1
}
[DEBUG] 2025-11-28T06:53:53.750Z - Executed query {
  text: '\n' +
    '                            INSERT INTO slots (slot_id, start_time, end_time, service_type, location, status)\n' +
    '                            VALUES ($1, $2, $3, $4, $5, $6)\n' +
    '                        ',
  duration: 295,
  rows: 1
}
[DEBUG] 2025-11-28T06:53:54.070Z - Executed query {
  text: '\n' +
    '                            INSERT INTO slots (slot_id, start_time, end_time, service_type, location, status)\n' +
    '                            VALUES ($1, $2, $3, $4, $5, $6)\n' +
    '                        ',
  duration: 320,
  rows: 1
}
[DEBUG] 2025-11-28T06:53:54.369Z - Executed query {
  text: '\n' +
    '                                INSERT INTO slots (slot_id, start_time, end_time, service_type, location, status)\n' +
    '                                VALUES ($1, $2, $3, $4, $5, $6)\n' +
    '                            ',
  duration: 299,
  rows: 1
}
[DEBUG] 2025-11-28T06:53:54.675Z - Executed query {
  text: '\n' +
    '                                INSERT INTO slots (slot_id, start_time, end_time, service_type, location, status)\n' +
    '                                VALUES ($1, $2, $3, $4, $5, $6)\n' +
    '                            ',
  duration: 306,
  rows: 1
}
[DEBUG] 2025-11-28T06:53:54.973Z - Executed query {
  text: '\n' +
    '                                INSERT INTO slots (slot_id, start_time, end_time, service_type, location, status)\n' +
    '                                VALUES ($1, $2, $3, $4, $5, $6)\n' +
    '                            ',
  duration: 297,
  rows: 1
}
[DEBUG] 2025-11-28T06:53:55.288Z - Executed query {
  text: '\n' +
    '                                INSERT INTO slots (slot_id, start_time, end_time, service_type, location, status)\n' +
    '                                VALUES ($1, $2, $3, $4, $5, $6)\n' +
    '                            ',
  duration: 315,
  rows: 1
}
[DEBUG] 2025-11-28T06:53:55.591Z - Executed query {
  text: '\n' +
    '                                INSERT INTO slots (slot_id, start_time, end_time, service_type, location, status)\n' +
    '                                VALUES ($1, $2, $3, $4, $5, $6)\n' +
    '                            ',
  duration: 303,
  rows: 1
}
[DEBUG] 2025-11-28T06:53:55.910Z - Executed query {
  text: '\n' +
    '                                INSERT INTO slots (slot_id, start_time, end_time, service_type, location, status)\n' +
    '                                VALUES ($1, $2, $3, $4, $5, $6)\n' +
    '                            ',
  duration: 319,
  rows: 1
}
[DEBUG] 2025-11-28T06:53:56.218Z - Executed query {
  text: '\n' +
    '                                INSERT INTO slots (slot_id, start_time, end_time, service_type, location, status)\n' +
    '                                VALUES ($1, $2, $3, $4, $5, $6)\n' +
    '                            ',
  duration: 308,
  rows: 1
}
[DEBUG] 2025-11-28T06:53:56.513Z - Executed query {
  text: '\n' +
    '                                INSERT INTO slots (slot_id, start_time, end_time, service_type, location, status)\n' +
    '                                VALUES ($1, $2, $3, $4, $5, $6)\n' +
    '                            ',
  duration: 294,
  rows: 1
}
[DEBUG] 2025-11-28T06:53:56.823Z - Executed query {
  text: '\n' +
    '                                INSERT INTO slots (slot_id, start_time, end_time, service_type, location, status)\n' +
    '                                VALUES ($1, $2, $3, $4, $5, $6)\n' +
    '                            ',
  duration: 310,
  rows: 1
}
[DEBUG] 2025-11-28T06:53:57.149Z - Executed query {
  text: '\n' +
    '                                INSERT INTO slots (slot_id, start_time, end_time, service_type, location, status)\n' +
    '                                VALUES ($1, $2, $3, $4, $5, $6)\n' +
    '                            ',
  duration: 326,
  rows: 1
}
[DEBUG] 2025-11-28T06:53:57.453Z - Executed query {
  text: '\n' +
    '                                INSERT INTO slots (slot_id, start_time, end_time, service_type, location, status)\n' +
    '                                VALUES ($1, $2, $3, $4, $5, $6)\n' +
    '                            ',
  duration: 304,
  rows: 1
}
[DEBUG] 2025-11-28T06:53:57.762Z - Executed query {
  text: '\n' +
    '                                INSERT INTO slots (slot_id, start_time, end_time, service_type, location, status)\n' +
    '                                VALUES ($1, $2, $3, $4, $5, $6)\n' +
    '                            ',
  duration: 309,
  rows: 1
}
[DEBUG] 2025-11-28T06:53:58.069Z - Executed query {
  text: '\n' +
    '                                INSERT INTO slots (slot_id, start_time, end_time, service_type, location, status)\n' +
    '                                VALUES ($1, $2, $3, $4, $5, $6)\n' +
    '                            ',
  duration: 307,
  rows: 1
}
[DEBUG] 2025-11-28T06:53:58.376Z - Executed query {
  text: '\n' +
    '                                INSERT INTO slots (slot_id, start_time, end_time, service_type, location, status)\n' +
    '                                VALUES ($1, $2, $3, $4, $5, $6)\n' +
    '                            ',
  duration: 307,
  rows: 1
}
[DEBUG] 2025-11-28T06:53:58.683Z - Executed query {
  text: '\n' +
    '                                INSERT INTO slots (slot_id, start_time, end_time, service_type, location, status)\n' +
    '                                VALUES ($1, $2, $3, $4, $5, $6)\n' +
    '                            ',
  duration: 307,
  rows: 1
}
[DEBUG] 2025-11-28T06:53:58.980Z - Executed query {
  text: '\n' +
    '                                INSERT INTO slots (slot_id, start_time, end_time, service_type, location, status)\n' +
    '                                VALUES ($1, $2, $3, $4, $5, $6)\n' +
    '                            ',
  duration: 297,
  rows: 1
}
[DEBUG] 2025-11-28T06:53:59.293Z - Executed query {
  text: '\n' +
    '                                INSERT INTO slots (slot_id, start_time, end_time, service_type, location, status)\n' +
    '                                VALUES ($1, $2, $3, $4, $5, $6)\n' +
    '                            ',
  duration: 313,
  rows: 1
}
[DEBUG] 2025-11-28T06:53:59.588Z - Executed query {
  text: '\n' +
    '                                INSERT INTO slots (slot_id, start_time, end_time, service_type, location, status)\n' +
    '                                VALUES ($1, $2, $3, $4, $5, $6)\n' +
    '                            ',
  duration: 295,
  rows: 1
}
[DEBUG] 2025-11-28T06:53:59.888Z - Executed query {
  text: '\n' +
    '                                INSERT INTO slots (slot_id, start_time, end_time, service_type, location, status)\n' +
    '                                VALUES ($1, $2, $3, $4, $5, $6)\n' +
    '                            ',
  duration: 300,
  rows: 1
}
[DEBUG] 2025-11-28T06:54:00.219Z - Executed query {
  text: '\n' +
    '                                INSERT INTO slots (slot_id, start_time, end_time, service_type, location, status)\n' +
    '                                VALUES ($1, $2, $3, $4, $5, $6)\n' +
    '                            ',
  duration: 331,
  rows: 1
}
[DEBUG] 2025-11-28T06:54:00.519Z - Executed query {
  text: '\n' +
    '                                INSERT INTO slots (slot_id, start_time, end_time, service_type, location, status)\n' +
    '                                VALUES ($1, $2, $3, $4, $5, $6)\n' +
    '                            ',
  duration: 300,
  rows: 1
}
[DEBUG] 2025-11-28T06:54:00.817Z - Executed query {
  text: '\n' +
    '                                INSERT INTO slots (slot_id, start_time, end_time, service_type, location, status)\n' +
    '                                VALUES ($1, $2, $3, $4, $5, $6)\n' +
    '                            ',
  duration: 298,
  rows: 1
}
[DEBUG] 2025-11-28T06:54:01.138Z - Executed query {
  text: '\n' +
    '                                INSERT INTO slots (slot_id, start_time, end_time, service_type, location, status)\n' +
    '                                VALUES ($1, $2, $3, $4, $5, $6)\n' +
    '                            ',
  duration: 321,
  rows: 1
}
[DEBUG] 2025-11-28T06:54:01.446Z - Executed query {
  text: '\n' +
    '                                INSERT INTO slots (slot_id, start_time, end_time, service_type, location, status)\n' +
    '                                VALUES ($1, $2, $3, $4, $5, $6)\n' +
    '                            ',
  duration: 307,
  rows: 1
}
[DEBUG] 2025-11-28T06:54:01.748Z - Executed query {
  text: '\n' +
    '                            INSERT INTO slots (slot_id, start_time, end_time, service_type, location, status)\n' +
    '                            VALUES ($1, $2, $3, $4, $5, $6)\n' +
    '                        ',
  duration: 302,
  rows: 1
}
[DEBUG] 2025-11-28T06:54:02.055Z - Executed query {
  text: '\n' +
    '                            INSERT INTO slots (slot_id, start_time, end_time, service_type, location, status)\n' +
    '                            VALUES ($1, $2, $3, $4, $5, $6)\n' +
    '                        ',
  duration: 307,
  rows: 1
}
[DEBUG] 2025-11-28T06:54:02.361Z - Executed query {
  text: '\n' +
    '                            INSERT INTO slots (slot_id, start_time, end_time, service_type, location, status)\n' +
    '                            VALUES ($1, $2, $3, $4, $5, $6)\n' +
    '                        ',
  duration: 306,
  rows: 1
}
[DEBUG] 2025-11-28T06:54:02.671Z - Executed query {
  text: '\n' +
    '                            INSERT INTO slots (slot_id, start_time, end_time, service_type, location, status)\n' +
    '                            VALUES ($1, $2, $3, $4, $5, $6)\n' +
    '                        ',
  duration: 309,
  rows: 1
}
[DEBUG] 2025-11-28T06:54:02.984Z - Executed query {
  text: '\n' +
    '                            INSERT INTO slots (slot_id, start_time, end_time, service_type, location, status)\n' +
    '                            VALUES ($1, $2, $3, $4, $5, $6)\n' +
    '                        ',
  duration: 313,
  rows: 1
}
[DEBUG] 2025-11-28T06:54:03.282Z - Executed query {
  text: '\n' +
    '                            INSERT INTO slots (slot_id, start_time, end_time, service_type, location, status)\n' +
    '                            VALUES ($1, $2, $3, $4, $5, $6)\n' +
    '                        ',
  duration: 298,
  rows: 1
}
[DEBUG] 2025-11-28T06:54:03.576Z - Executed query {
  text: '\n' +
    '                            INSERT INTO slots (slot_id, start_time, end_time, service_type, location, status)\n' +
    '                            VALUES ($1, $2, $3, $4, $5, $6)\n' +
    '                        ',
  duration: 294,
  rows: 1
}
[DEBUG] 2025-11-28T06:54:03.871Z - Executed query {
  text: '\n' +
    '                            INSERT INTO slots (slot_id, start_time, end_time, service_type, location, status)\n' +
    '                            VALUES ($1, $2, $3, $4, $5, $6)\n' +
    '                        ',
  duration: 295,
  rows: 1
}
[DEBUG] 2025-11-28T06:54:04.174Z - Executed query {
  text: '\n' +
    '                            INSERT INTO slots (slot_id, start_time, end_time, service_type, location, status)\n' +
    '                            VALUES ($1, $2, $3, $4, $5, $6)\n' +
    '                        ',
  duration: 303,
  rows: 1
}
[DEBUG] 2025-11-28T06:54:04.480Z - Executed query {
  text: '\n' +
    '                                INSERT INTO slots (slot_id, start_time, end_time, service_type, location, status)\n' +
    '                                VALUES ($1, $2, $3, $4, $5, $6)\n' +
    '                            ',
  duration: 306,
  rows: 1
}
[DEBUG] 2025-11-28T06:54:04.781Z - Executed query {
  text: '\n' +
    '                                INSERT INTO slots (slot_id, start_time, end_time, service_type, location, status)\n' +
    '                                VALUES ($1, $2, $3, $4, $5, $6)\n' +
    '                            ',
  duration: 301,
  rows: 1
}
[DEBUG] 2025-11-28T06:54:05.078Z - Executed query {
  text: '\n' +
    '                                INSERT INTO slots (slot_id, start_time, end_time, service_type, location, status)\n' +
    '                                VALUES ($1, $2, $3, $4, $5, $6)\n' +
    '                            ',
  duration: 297,
  rows: 1
}
[DEBUG] 2025-11-28T06:54:05.376Z - Executed query {
  text: '\n' +
    '                                INSERT INTO slots (slot_id, start_time, end_time, service_type, location, status)\n' +
    '                                VALUES ($1, $2, $3, $4, $5, $6)\n' +
    '                            ',
  duration: 298,
  rows: 1
}
[DEBUG] 2025-11-28T06:54:05.673Z - Executed query {
  text: '\n' +
    '                                INSERT INTO slots (slot_id, start_time, end_time, service_type, location, status)\n' +
    '                                VALUES ($1, $2, $3, $4, $5, $6)\n' +
    '                            ',
  duration: 297,
  rows: 1
}
[DEBUG] 2025-11-28T06:54:05.968Z - Executed query {
  text: '\n' +
    '                                INSERT INTO slots (slot_id, start_time, end_time, service_type, location, status)\n' +
    '                                VALUES ($1, $2, $3, $4, $5, $6)\n' +
    '                            ',
  duration: 295,
  rows: 1
}
[DEBUG] 2025-11-28T06:54:06.264Z - Executed query {
  text: '\n' +
    '                                INSERT INTO slots (slot_id, start_time, end_time, service_type, location, status)\n' +
    '                                VALUES ($1, $2, $3, $4, $5, $6)\n' +
    '                            ',
  duration: 296,
  rows: 1
}
[DEBUG] 2025-11-28T06:54:06.562Z - Executed query {
  text: '\n' +
    '                                INSERT INTO slots (slot_id, start_time, end_time, service_type, location, status)\n' +
    '                                VALUES ($1, $2, $3, $4, $5, $6)\n' +
    '                            ',
  duration: 298,
  rows: 1
}
[DEBUG] 2025-11-28T06:54:06.866Z - Executed query {
  text: '\n' +
    '                                INSERT INTO slots (slot_id, start_time, end_time, service_type, location, status)\n' +
    '                                VALUES ($1, $2, $3, $4, $5, $6)\n' +
    '                            ',
  duration: 304,
  rows: 1
}
[DEBUG] 2025-11-28T06:54:07.182Z - Executed query {
  text: '\n' +
    '                                INSERT INTO slots (slot_id, start_time, end_time, service_type, location, status)\n' +
    '                                VALUES ($1, $2, $3, $4, $5, $6)\n' +
    '                            ',
  duration: 316,
  rows: 1
}
[DEBUG] 2025-11-28T06:54:07.477Z - Executed query {
  text: '\n' +
    '                                INSERT INTO slots (slot_id, start_time, end_time, service_type, location, status)\n' +
    '                                VALUES ($1, $2, $3, $4, $5, $6)\n' +
    '                            ',
  duration: 295,
  rows: 1
}
[DEBUG] 2025-11-28T06:54:07.783Z - Executed query {
  text: '\n' +
    '                                INSERT INTO slots (slot_id, start_time, end_time, service_type, location, status)\n' +
    '                                VALUES ($1, $2, $3, $4, $5, $6)\n' +
    '                            ',
  duration: 306,
  rows: 1
}
[DEBUG] 2025-11-28T06:54:08.094Z - Executed query {
  text: '\n' +
    '                                INSERT INTO slots (slot_id, start_time, end_time, service_type, location, status)\n' +
    '                                VALUES ($1, $2, $3, $4, $5, $6)\n' +
    '                            ',
  duration: 308,
  rows: 1
}
[DEBUG] 2025-11-28T06:54:08.388Z - Executed query {
  text: '\n' +
    '                                INSERT INTO slots (slot_id, start_time, end_time, service_type, location, status)\n' +
    '                                VALUES ($1, $2, $3, $4, $5, $6)\n' +
    '                            ',
  duration: 294,
  rows: 1
}
[DEBUG] 2025-11-28T06:54:08.688Z - Executed query {
  text: '\n' +
    '                                INSERT INTO slots (slot_id, start_time, end_time, service_type, location, status)\n' +
    '                                VALUES ($1, $2, $3, $4, $5, $6)\n' +
    '                            ',
  duration: 299,
  rows: 1
}
[DEBUG] 2025-11-28T06:54:08.986Z - Executed query {
  text: '\n' +
    '                                INSERT INTO slots (slot_id, start_time, end_time, service_type, location, status)\n' +
    '                                VALUES ($1, $2, $3, $4, $5, $6)\n' +
    '                            ',
  duration: 297,
  rows: 1
}
[DEBUG] 2025-11-28T06:54:09.281Z - Executed query {
  text: '\n' +
    '                                INSERT INTO slots (slot_id, start_time, end_time, service_type, location, status)\n' +
    '                                VALUES ($1, $2, $3, $4, $5, $6)\n' +
    '                            ',
  duration: 295,
  rows: 1
}
[DEBUG] 2025-11-28T06:54:09.578Z - Executed query {
  text: '\n' +
    '                                INSERT INTO slots (slot_id, start_time, end_time, service_type, location, status)\n' +
    '                                VALUES ($1, $2, $3, $4, $5, $6)\n' +
    '                            ',
  duration: 296,
  rows: 1
}
[DEBUG] 2025-11-28T06:54:09.880Z - Executed query {
  text: '\n' +
    '                                INSERT INTO slots (slot_id, start_time, end_time, service_type, location, status)\n' +
    '                                VALUES ($1, $2, $3, $4, $5, $6)\n' +
    '                            ',
  duration: 302,
  rows: 1
}
[DEBUG] 2025-11-28T06:54:10.185Z - Executed query {
  text: '\n' +
    '                                INSERT INTO slots (slot_id, start_time, end_time, service_type, location, status)\n' +
    '                                VALUES ($1, $2, $3, $4, $5, $6)\n' +
    '                            ',
  duration: 305,
  rows: 1
}
[DEBUG] 2025-11-28T06:54:10.487Z - Executed query {
  text: '\n' +
    '                                INSERT INTO slots (slot_id, start_time, end_time, service_type, location, status)\n' +
    '                                VALUES ($1, $2, $3, $4, $5, $6)\n' +
    '                            ',
  duration: 302,
  rows: 1
}
[DEBUG] 2025-11-28T06:54:10.787Z - Executed query {
  text: '\n' +
    '                                INSERT INTO slots (slot_id, start_time, end_time, service_type, location, status)\n' +
    '                                VALUES ($1, $2, $3, $4, $5, $6)\n' +
    '                            ',
  duration: 300,
  rows: 1
}
[DEBUG] 2025-11-28T06:54:11.085Z - Executed query {
  text: '\n' +
    '                                INSERT INTO slots (slot_id, start_time, end_time, service_type, location, status)\n' +
    '                                VALUES ($1, $2, $3, $4, $5, $6)\n' +
    '                            ',
  duration: 298,
  rows: 1
}
[DEBUG] 2025-11-28T06:54:11.389Z - Executed query {
  text: '\n' +
    '                                INSERT INTO slots (slot_id, start_time, end_time, service_type, location, status)\n' +
    '                                VALUES ($1, $2, $3, $4, $5, $6)\n' +
    '                            ',
  duration: 303,
  rows: 1
}
  Created 99 slots for 2025-11-30
Creating slots for 2025-12-01:
[DEBUG] 2025-11-28T06:54:11.700Z - Executed query {
  text: '\n' +
    '                            INSERT INTO slots (slot_id, start_time, end_time, service_type, location, status)\n' +
    '                            VALUES ($1, $2, $3, $4, $5, $6)\n' +
    '                        ',
  duration: 311,
  rows: 1
}
[DEBUG] 2025-11-28T06:54:12.001Z - Executed query {
  text: '\n' +
    '                            INSERT INTO slots (slot_id, start_time, end_time, service_type, location, status)\n' +
    '                            VALUES ($1, $2, $3, $4, $5, $6)\n' +
    '                        ',
  duration: 301,
  rows: 1
}
[DEBUG] 2025-11-28T06:54:12.298Z - Executed query {
  text: '\n' +
    '                            INSERT INTO slots (slot_id, start_time, end_time, service_type, location, status)\n' +
    '                            VALUES ($1, $2, $3, $4, $5, $6)\n' +
    '                        ',
  duration: 296,
  rows: 1
}
[DEBUG] 2025-11-28T06:54:12.597Z - Executed query {
  text: '\n' +
    '                            INSERT INTO slots (slot_id, start_time, end_time, service_type, location, status)\n' +
    '                            VALUES ($1, $2, $3, $4, $5, $6)\n' +
    '                        ',
  duration: 299,
  rows: 1
}
[DEBUG] 2025-11-28T06:54:12.893Z - Executed query {
  text: '\n' +
    '                            INSERT INTO slots (slot_id, start_time, end_time, service_type, location, status)\n' +
    '                            VALUES ($1, $2, $3, $4, $5, $6)\n' +
    '                        ',
  duration: 296,
  rows: 1
}
[DEBUG] 2025-11-28T06:54:13.187Z - Executed query {
  text: '\n' +
    '                            INSERT INTO slots (slot_id, start_time, end_time, service_type, location, status)\n' +
    '                            VALUES ($1, $2, $3, $4, $5, $6)\n' +
    '                        ',
  duration: 294,
  rows: 1
}
[DEBUG] 2025-11-28T06:54:13.486Z - Executed query {
  text: '\n' +
    '                            INSERT INTO slots (slot_id, start_time, end_time, service_type, location, status)\n' +
    '                            VALUES ($1, $2, $3, $4, $5, $6)\n' +
    '                        ',
  duration: 298,
  rows: 1
}
[DEBUG] 2025-11-28T06:54:13.792Z - Executed query {
  text: '\n' +
    '                            INSERT INTO slots (slot_id, start_time, end_time, service_type, location, status)\n' +
    '                            VALUES ($1, $2, $3, $4, $5, $6)\n' +
    '                        ',
  duration: 306,
  rows: 1
}
[DEBUG] 2025-11-28T06:54:14.100Z - Executed query {
  text: '\n' +
    '                            INSERT INTO slots (slot_id, start_time, end_time, service_type, location, status)\n' +
    '                            VALUES ($1, $2, $3, $4, $5, $6)\n' +
    '                        ',
  duration: 308,
  rows: 1
}
[DEBUG] 2025-11-28T06:54:14.406Z - Executed query {
  text: '\n' +
    '                                INSERT INTO slots (slot_id, start_time, end_time, service_type, location, status)\n' +
    '                                VALUES ($1, $2, $3, $4, $5, $6)\n' +
    '                            ',
  duration: 306,
  rows: 1
}
[DEBUG] 2025-11-28T06:54:14.704Z - Executed query {
  text: '\n' +
    '                                INSERT INTO slots (slot_id, start_time, end_time, service_type, location, status)\n' +
    '                                VALUES ($1, $2, $3, $4, $5, $6)\n' +
    '                            ',
  duration: 298,
  rows: 1
}
[DEBUG] 2025-11-28T06:54:15.001Z - Executed query {
  text: '\n' +
    '                                INSERT INTO slots (slot_id, start_time, end_time, service_type, location, status)\n' +
    '                                VALUES ($1, $2, $3, $4, $5, $6)\n' +
    '                            ',
  duration: 297,
  rows: 1
}
[DEBUG] 2025-11-28T06:54:15.308Z - Executed query {
  text: '\n' +
    '                                INSERT INTO slots (slot_id, start_time, end_time, service_type, location, status)\n' +
    '                                VALUES ($1, $2, $3, $4, $5, $6)\n' +
    '                            ',
  duration: 306,
  rows: 1
}
[DEBUG] 2025-11-28T06:54:15.604Z - Executed query {
  text: '\n' +
    '                                INSERT INTO slots (slot_id, start_time, end_time, service_type, location, status)\n' +
    '                                VALUES ($1, $2, $3, $4, $5, $6)\n' +
    '                            ',
  duration: 296,
  rows: 1
}
[DEBUG] 2025-11-28T06:54:15.898Z - Executed query {
  text: '\n' +
    '                                INSERT INTO slots (slot_id, start_time, end_time, service_type, location, status)\n' +
    '                                VALUES ($1, $2, $3, $4, $5, $6)\n' +
    '                            ',
  duration: 294,
  rows: 1
}
[DEBUG] 2025-11-28T06:54:16.207Z - Executed query {
  text: '\n' +
    '                                INSERT INTO slots (slot_id, start_time, end_time, service_type, location, status)\n' +
    '                                VALUES ($1, $2, $3, $4, $5, $6)\n' +
    '                            ',
  duration: 308,
  rows: 1
}
[DEBUG] 2025-11-28T06:54:16.511Z - Executed query {
  text: '\n' +
    '                                INSERT INTO slots (slot_id, start_time, end_time, service_type, location, status)\n' +
    '                                VALUES ($1, $2, $3, $4, $5, $6)\n' +
    '                            ',
  duration: 303,
  rows: 1
}
[DEBUG] 2025-11-28T06:54:16.811Z - Executed query {
  text: '\n' +
    '                                INSERT INTO slots (slot_id, start_time, end_time, service_type, location, status)\n' +
    '                                VALUES ($1, $2, $3, $4, $5, $6)\n' +
    '                            ',
  duration: 300,
  rows: 1
}
[DEBUG] 2025-11-28T06:54:17.108Z - Executed query {
  text: '\n' +
    '                                INSERT INTO slots (slot_id, start_time, end_time, service_type, location, status)\n' +
    '                                VALUES ($1, $2, $3, $4, $5, $6)\n' +
    '                            ',
  duration: 297,
  rows: 1
}
[DEBUG] 2025-11-28T06:54:17.422Z - Executed query {
  text: '\n' +
    '                                INSERT INTO slots (slot_id, start_time, end_time, service_type, location, status)\n' +
    '                                VALUES ($1, $2, $3, $4, $5, $6)\n' +
    '                            ',
  duration: 314,
  rows: 1
}
[DEBUG] 2025-11-28T06:54:17.723Z - Executed query {
  text: '\n' +
    '                                INSERT INTO slots (slot_id, start_time, end_time, service_type, location, status)\n' +
    '                                VALUES ($1, $2, $3, $4, $5, $6)\n' +
    '                            ',
  duration: 300,
  rows: 1
}
[DEBUG] 2025-11-28T06:54:18.022Z - Executed query {
  text: '\n' +
    '                                INSERT INTO slots (slot_id, start_time, end_time, service_type, location, status)\n' +
    '                                VALUES ($1, $2, $3, $4, $5, $6)\n' +
    '                            ',
  duration: 299,
  rows: 1
}
[DEBUG] 2025-11-28T06:54:18.319Z - Executed query {
  text: '\n' +
    '                                INSERT INTO slots (slot_id, start_time, end_time, service_type, location, status)\n' +
    '                                VALUES ($1, $2, $3, $4, $5, $6)\n' +
    '                            ',
  duration: 296,
  rows: 1
}
[DEBUG] 2025-11-28T06:54:18.617Z - Executed query {
  text: '\n' +
    '                                INSERT INTO slots (slot_id, start_time, end_time, service_type, location, status)\n' +
    '                                VALUES ($1, $2, $3, $4, $5, $6)\n' +
    '                            ',
  duration: 298,
  rows: 1
}
[DEBUG] 2025-11-28T06:54:18.924Z - Executed query {
  text: '\n' +
    '                                INSERT INTO slots (slot_id, start_time, end_time, service_type, location, status)\n' +
    '                                VALUES ($1, $2, $3, $4, $5, $6)\n' +
    '                            ',
  duration: 306,
  rows: 1
}
[DEBUG] 2025-11-28T06:54:19.223Z - Executed query {
  text: '\n' +
    '                                INSERT INTO slots (slot_id, start_time, end_time, service_type, location, status)\n' +
    '                                VALUES ($1, $2, $3, $4, $5, $6)\n' +
    '                            ',
  duration: 299,
  rows: 1
}
[DEBUG] 2025-11-28T06:54:19.519Z - Executed query {
  text: '\n' +
    '                                INSERT INTO slots (slot_id, start_time, end_time, service_type, location, status)\n' +
    '                                VALUES ($1, $2, $3, $4, $5, $6)\n' +
    '                            ',
  duration: 296,
  rows: 1
}
[DEBUG] 2025-11-28T06:54:19.830Z - Executed query {
  text: '\n' +
    '                                INSERT INTO slots (slot_id, start_time, end_time, service_type, location, status)\n' +
    '                                VALUES ($1, $2, $3, $4, $5, $6)\n' +
    '                            ',
  duration: 311,
  rows: 1
}
[DEBUG] 2025-11-28T06:54:20.131Z - Executed query {
  text: '\n' +
    '                                INSERT INTO slots (slot_id, start_time, end_time, service_type, location, status)\n' +
    '                                VALUES ($1, $2, $3, $4, $5, $6)\n' +
    '                            ',
  duration: 301,
  rows: 1
}
[DEBUG] 2025-11-28T06:54:20.429Z - Executed query {
  text: '\n' +
    '                                INSERT INTO slots (slot_id, start_time, end_time, service_type, location, status)\n' +
    '                                VALUES ($1, $2, $3, $4, $5, $6)\n' +
    '                            ',
  duration: 298,
  rows: 1
}
[DEBUG] 2025-11-28T06:54:20.731Z - Executed query {
  text: '\n' +
    '                                INSERT INTO slots (slot_id, start_time, end_time, service_type, location, status)\n' +
    '                                VALUES ($1, $2, $3, $4, $5, $6)\n' +
    '                            ',
  duration: 302,
  rows: 1
}
[DEBUG] 2025-11-28T06:54:21.033Z - Executed query {
  text: '\n' +
    '                                INSERT INTO slots (slot_id, start_time, end_time, service_type, location, status)\n' +
    '                                VALUES ($1, $2, $3, $4, $5, $6)\n' +
    '                            ',
  duration: 302,
  rows: 1
}
[DEBUG] 2025-11-28T06:54:21.334Z - Executed query {
  text: '\n' +
    '                                INSERT INTO slots (slot_id, start_time, end_time, service_type, location, status)\n' +
    '                                VALUES ($1, $2, $3, $4, $5, $6)\n' +
    '                            ',
  duration: 301,
  rows: 1
}
[DEBUG] 2025-11-28T06:54:21.629Z - Executed query {
  text: '\n' +
    '                            INSERT INTO slots (slot_id, start_time, end_time, service_type, location, status)\n' +
    '                            VALUES ($1, $2, $3, $4, $5, $6)\n' +
    '                        ',
  duration: 295,
  rows: 1
}
[DEBUG] 2025-11-28T06:54:21.928Z - Executed query {
  text: '\n' +
    '                            INSERT INTO slots (slot_id, start_time, end_time, service_type, location, status)\n' +
    '                            VALUES ($1, $2, $3, $4, $5, $6)\n' +
    '                        ',
  duration: 299,
  rows: 1
}
[DEBUG] 2025-11-28T06:54:22.223Z - Executed query {
  text: '\n' +
    '                            INSERT INTO slots (slot_id, start_time, end_time, service_type, location, status)\n' +
    '                            VALUES ($1, $2, $3, $4, $5, $6)\n' +
    '                        ',
  duration: 295,
  rows: 1
}
[DEBUG] 2025-11-28T06:54:22.519Z - Executed query {
  text: '\n' +
    '                            INSERT INTO slots (slot_id, start_time, end_time, service_type, location, status)\n' +
    '                            VALUES ($1, $2, $3, $4, $5, $6)\n' +
    '                        ',
  duration: 296,
  rows: 1
}
[DEBUG] 2025-11-28T06:54:22.819Z - Executed query {
  text: '\n' +
    '                            INSERT INTO slots (slot_id, start_time, end_time, service_type, location, status)\n' +
    '                            VALUES ($1, $2, $3, $4, $5, $6)\n' +
    '                        ',
  duration: 300,
  rows: 1
}
[DEBUG] 2025-11-28T06:54:23.115Z - Executed query {
  text: '\n' +
    '                            INSERT INTO slots (slot_id, start_time, end_time, service_type, location, status)\n' +
    '                            VALUES ($1, $2, $3, $4, $5, $6)\n' +
    '                        ',
  duration: 296,
  rows: 1
}
[DEBUG] 2025-11-28T06:54:23.410Z - Executed query {
  text: '\n' +
    '                            INSERT INTO slots (slot_id, start_time, end_time, service_type, location, status)\n' +
    '                            VALUES ($1, $2, $3, $4, $5, $6)\n' +
    '                        ',
  duration: 295,
  rows: 1
}
[DEBUG] 2025-11-28T06:54:23.708Z - Executed query {
  text: '\n' +
    '                            INSERT INTO slots (slot_id, start_time, end_time, service_type, location, status)\n' +
    '                            VALUES ($1, $2, $3, $4, $5, $6)\n' +
    '                        ',
  duration: 298,
  rows: 1
}
[DEBUG] 2025-11-28T06:54:24.007Z - Executed query {
  text: '\n' +
    '                            INSERT INTO slots (slot_id, start_time, end_time, service_type, location, status)\n' +
    '                            VALUES ($1, $2, $3, $4, $5, $6)\n' +
    '                        ',
  duration: 298,
  rows: 1
}
[DEBUG] 2025-11-28T06:54:24.323Z - Executed query {
  text: '\n' +
    '                                INSERT INTO slots (slot_id, start_time, end_time, service_type, location, status)\n' +
    '                                VALUES ($1, $2, $3, $4, $5, $6)\n' +
    '                            ',
  duration: 316,
  rows: 1
}
[DEBUG] 2025-11-28T06:54:24.618Z - Executed query {
  text: '\n' +
    '                                INSERT INTO slots (slot_id, start_time, end_time, service_type, location, status)\n' +
    '                                VALUES ($1, $2, $3, $4, $5, $6)\n' +
    '                            ',
  duration: 294,
  rows: 1
}
[DEBUG] 2025-11-28T06:54:24.914Z - Executed query {
  text: '\n' +
    '                                INSERT INTO slots (slot_id, start_time, end_time, service_type, location, status)\n' +
    '                                VALUES ($1, $2, $3, $4, $5, $6)\n' +
    '                            ',
  duration: 295,
  rows: 1
}
[DEBUG] 2025-11-28T06:54:25.213Z - Executed query {
  text: '\n' +
    '                                INSERT INTO slots (slot_id, start_time, end_time, service_type, location, status)\n' +
    '                                VALUES ($1, $2, $3, $4, $5, $6)\n' +
    '                            ',
  duration: 299,
  rows: 1
}
[DEBUG] 2025-11-28T06:54:25.512Z - Executed query {
  text: '\n' +
    '                                INSERT INTO slots (slot_id, start_time, end_time, service_type, location, status)\n' +
    '                                VALUES ($1, $2, $3, $4, $5, $6)\n' +
    '                            ',
  duration: 298,
  rows: 1
}
[DEBUG] 2025-11-28T06:54:25.806Z - Executed query {
  text: '\n' +
    '                                INSERT INTO slots (slot_id, start_time, end_time, service_type, location, status)\n' +
    '                                VALUES ($1, $2, $3, $4, $5, $6)\n' +
    '                            ',
  duration: 293,
  rows: 1
}
[DEBUG] 2025-11-28T06:54:26.101Z - Executed query {
  text: '\n' +
    '                                INSERT INTO slots (slot_id, start_time, end_time, service_type, location, status)\n' +
    '                                VALUES ($1, $2, $3, $4, $5, $6)\n' +
    '                            ',
  duration: 295,
  rows: 1
}
[DEBUG] 2025-11-28T06:54:26.401Z - Executed query {
  text: '\n' +
    '                                INSERT INTO slots (slot_id, start_time, end_time, service_type, location, status)\n' +
    '                                VALUES ($1, $2, $3, $4, $5, $6)\n' +
    '                            ',
  duration: 300,
  rows: 1
}
[DEBUG] 2025-11-28T06:54:26.701Z - Executed query {
  text: '\n' +
    '                                INSERT INTO slots (slot_id, start_time, end_time, service_type, location, status)\n' +
    '                                VALUES ($1, $2, $3, $4, $5, $6)\n' +
    '                            ',
  duration: 299,
  rows: 1
}
[DEBUG] 2025-11-28T06:54:26.997Z - Executed query {
  text: '\n' +
    '                                INSERT INTO slots (slot_id, start_time, end_time, service_type, location, status)\n' +
    '                                VALUES ($1, $2, $3, $4, $5, $6)\n' +
    '                            ',
  duration: 296,
  rows: 1
}
[DEBUG] 2025-11-28T06:54:27.295Z - Executed query {
  text: '\n' +
    '                                INSERT INTO slots (slot_id, start_time, end_time, service_type, location, status)\n' +
    '                                VALUES ($1, $2, $3, $4, $5, $6)\n' +
    '                            ',
  duration: 298,
  rows: 1
}
[DEBUG] 2025-11-28T06:54:27.593Z - Executed query {
  text: '\n' +
    '                                INSERT INTO slots (slot_id, start_time, end_time, service_type, location, status)\n' +
    '                                VALUES ($1, $2, $3, $4, $5, $6)\n' +
    '                            ',
  duration: 298,
  rows: 1
}
[DEBUG] 2025-11-28T06:54:27.889Z - Executed query {
  text: '\n' +
    '                                INSERT INTO slots (slot_id, start_time, end_time, service_type, location, status)\n' +
    '                                VALUES ($1, $2, $3, $4, $5, $6)\n' +
    '                            ',
  duration: 295,
  rows: 1
}
[DEBUG] 2025-11-28T06:54:28.185Z - Executed query {
  text: '\n' +
    '                                INSERT INTO slots (slot_id, start_time, end_time, service_type, location, status)\n' +
    '                                VALUES ($1, $2, $3, $4, $5, $6)\n' +
    '                            ',
  duration: 295,
  rows: 1
}
[DEBUG] 2025-11-28T06:54:28.481Z - Executed query {
  text: '\n' +
    '                                INSERT INTO slots (slot_id, start_time, end_time, service_type, location, status)\n' +
    '                                VALUES ($1, $2, $3, $4, $5, $6)\n' +
    '                            ',
  duration: 296,
  rows: 1
}
[DEBUG] 2025-11-28T06:54:28.785Z - Executed query {
  text: '\n' +
    '                                INSERT INTO slots (slot_id, start_time, end_time, service_type, location, status)\n' +
    '                                VALUES ($1, $2, $3, $4, $5, $6)\n' +
    '                            ',
  duration: 304,
  rows: 1
}
[DEBUG] 2025-11-28T06:54:29.081Z - Executed query {
  text: '\n' +
    '                                INSERT INTO slots (slot_id, start_time, end_time, service_type, location, status)\n' +
    '                                VALUES ($1, $2, $3, $4, $5, $6)\n' +
    '                            ',
  duration: 296,
  rows: 1
}
[DEBUG] 2025-11-28T06:54:29.379Z - Executed query {
  text: '\n' +
    '                                INSERT INTO slots (slot_id, start_time, end_time, service_type, location, status)\n' +
    '                                VALUES ($1, $2, $3, $4, $5, $6)\n' +
    '                            ',
  duration: 296,
  rows: 1
}
[DEBUG] 2025-11-28T06:54:29.675Z - Executed query {
  text: '\n' +
    '                                INSERT INTO slots (slot_id, start_time, end_time, service_type, location, status)\n' +
    '                                VALUES ($1, $2, $3, $4, $5, $6)\n' +
    '                            ',
  duration: 296,
  rows: 1
}
[DEBUG] 2025-11-28T06:54:29.971Z - Executed query {
  text: '\n' +
    '                                INSERT INTO slots (slot_id, start_time, end_time, service_type, location, status)\n' +
    '                                VALUES ($1, $2, $3, $4, $5, $6)\n' +
    '                            ',
  duration: 296,
  rows: 1
}
[DEBUG] 2025-11-28T06:54:30.273Z - Executed query {
  text: '\n' +
    '                                INSERT INTO slots (slot_id, start_time, end_time, service_type, location, status)\n' +
    '                                VALUES ($1, $2, $3, $4, $5, $6)\n' +
    '                            ',
  duration: 301,
  rows: 1
}
[DEBUG] 2025-11-28T06:54:30.571Z - Executed query {
  text: '\n' +
    '                                INSERT INTO slots (slot_id, start_time, end_time, service_type, location, status)\n' +
    '                                VALUES ($1, $2, $3, $4, $5, $6)\n' +
    '                            ',
  duration: 297,
  rows: 1
}
[DEBUG] 2025-11-28T06:54:30.870Z - Executed query {
  text: '\n' +
    '                                INSERT INTO slots (slot_id, start_time, end_time, service_type, location, status)\n' +
    '                                VALUES ($1, $2, $3, $4, $5, $6)\n' +
    '                            ',
  duration: 299,
  rows: 1
}
[DEBUG] 2025-11-28T06:54:31.186Z - Executed query {
  text: '\n' +
    '                                INSERT INTO slots (slot_id, start_time, end_time, service_type, location, status)\n' +
    '                                VALUES ($1, $2, $3, $4, $5, $6)\n' +
    '                            ',
  duration: 316,
  rows: 1
}
[DEBUG] 2025-11-28T06:54:31.481Z - Executed query {
  text: '\n' +
    '                            INSERT INTO slots (slot_id, start_time, end_time, service_type, location, status)\n' +
    '                            VALUES ($1, $2, $3, $4, $5, $6)\n' +
    '                        ',
  duration: 295,
  rows: 1
}
[DEBUG] 2025-11-28T06:54:31.782Z - Executed query {
  text: '\n' +
    '                            INSERT INTO slots (slot_id, start_time, end_time, service_type, location, status)\n' +
    '                            VALUES ($1, $2, $3, $4, $5, $6)\n' +
    '                        ',
  duration: 301,
  rows: 1
}
[DEBUG] 2025-11-28T06:54:32.078Z - Executed query {
  text: '\n' +
    '                            INSERT INTO slots (slot_id, start_time, end_time, service_type, location, status)\n' +
    '                            VALUES ($1, $2, $3, $4, $5, $6)\n' +
    '                        ',
  duration: 296,
  rows: 1
}
[DEBUG] 2025-11-28T06:54:32.373Z - Executed query {
  text: '\n' +
    '                            INSERT INTO slots (slot_id, start_time, end_time, service_type, location, status)\n' +
    '                            VALUES ($1, $2, $3, $4, $5, $6)\n' +
    '                        ',
  duration: 295,
  rows: 1
}
[DEBUG] 2025-11-28T06:54:32.668Z - Executed query {
  text: '\n' +
    '                            INSERT INTO slots (slot_id, start_time, end_time, service_type, location, status)\n' +
    '                            VALUES ($1, $2, $3, $4, $5, $6)\n' +
    '                        ',
  duration: 294,
  rows: 1
}
[DEBUG] 2025-11-28T06:54:32.979Z - Executed query {
  text: '\n' +
    '                            INSERT INTO slots (slot_id, start_time, end_time, service_type, location, status)\n' +
    '                            VALUES ($1, $2, $3, $4, $5, $6)\n' +
    '                        ',
  duration: 311,
  rows: 1
}
[DEBUG] 2025-11-28T06:54:33.285Z - Executed query {
  text: '\n' +
    '                            INSERT INTO slots (slot_id, start_time, end_time, service_type, location, status)\n' +
    '                            VALUES ($1, $2, $3, $4, $5, $6)\n' +
    '                        ',
  duration: 305,
  rows: 1
}
[DEBUG] 2025-11-28T06:54:33.583Z - Executed query {
  text: '\n' +
    '                            INSERT INTO slots (slot_id, start_time, end_time, service_type, location, status)\n' +
    '                            VALUES ($1, $2, $3, $4, $5, $6)\n' +
    '                        ',
  duration: 298,
  rows: 1
}
[DEBUG] 2025-11-28T06:54:33.883Z - Executed query {
  text: '\n' +
    '                            INSERT INTO slots (slot_id, start_time, end_time, service_type, location, status)\n' +
    '                            VALUES ($1, $2, $3, $4, $5, $6)\n' +
    '                        ',
  duration: 299,
  rows: 1
}
[DEBUG] 2025-11-28T06:54:34.180Z - Executed query {
  text: '\n' +
    '                                INSERT INTO slots (slot_id, start_time, end_time, service_type, location, status)\n' +
    '                                VALUES ($1, $2, $3, $4, $5, $6)\n' +
    '                            ',
  duration: 296,
  rows: 1
}
[DEBUG] 2025-11-28T06:54:34.476Z - Executed query {
  text: '\n' +
    '                                INSERT INTO slots (slot_id, start_time, end_time, service_type, location, status)\n' +
    '                                VALUES ($1, $2, $3, $4, $5, $6)\n' +
    '                            ',
  duration: 296,
  rows: 1
}
[DEBUG] 2025-11-28T06:54:34.774Z - Executed query {
  text: '\n' +
    '                                INSERT INTO slots (slot_id, start_time, end_time, service_type, location, status)\n' +
    '                                VALUES ($1, $2, $3, $4, $5, $6)\n' +
    '                            ',
  duration: 298,
  rows: 1
}
[DEBUG] 2025-11-28T06:54:35.072Z - Executed query {
  text: '\n' +
    '                                INSERT INTO slots (slot_id, start_time, end_time, service_type, location, status)\n' +
    '                                VALUES ($1, $2, $3, $4, $5, $6)\n' +
    '                            ',
  duration: 298,
  rows: 1
}
[DEBUG] 2025-11-28T06:54:35.370Z - Executed query {
  text: '\n' +
    '                                INSERT INTO slots (slot_id, start_time, end_time, service_type, location, status)\n' +
    '                                VALUES ($1, $2, $3, $4, $5, $6)\n' +
    '                            ',
  duration: 298,
  rows: 1
}
[DEBUG] 2025-11-28T06:54:35.667Z - Executed query {
  text: '\n' +
    '                                INSERT INTO slots (slot_id, start_time, end_time, service_type, location, status)\n' +
    '                                VALUES ($1, $2, $3, $4, $5, $6)\n' +
    '                            ',
  duration: 297,
  rows: 1
}
[DEBUG] 2025-11-28T06:54:35.973Z - Executed query {
  text: '\n' +
    '                                INSERT INTO slots (slot_id, start_time, end_time, service_type, location, status)\n' +
    '                                VALUES ($1, $2, $3, $4, $5, $6)\n' +
    '                            ',
  duration: 306,
  rows: 1
}
[DEBUG] 2025-11-28T06:54:36.276Z - Executed query {
  text: '\n' +
    '                                INSERT INTO slots (slot_id, start_time, end_time, service_type, location, status)\n' +
    '                                VALUES ($1, $2, $3, $4, $5, $6)\n' +
    '                            ',
  duration: 303,
  rows: 1
}
[DEBUG] 2025-11-28T06:54:36.573Z - Executed query {
  text: '\n' +
    '                                INSERT INTO slots (slot_id, start_time, end_time, service_type, location, status)\n' +
    '                                VALUES ($1, $2, $3, $4, $5, $6)\n' +
    '                            ',
  duration: 297,
  rows: 1
}
[DEBUG] 2025-11-28T06:54:36.871Z - Executed query {
  text: '\n' +
    '                                INSERT INTO slots (slot_id, start_time, end_time, service_type, location, status)\n' +
    '                                VALUES ($1, $2, $3, $4, $5, $6)\n' +
    '                            ',
  duration: 297,
  rows: 1
}
[DEBUG] 2025-11-28T06:54:37.174Z - Executed query {
  text: '\n' +
    '                                INSERT INTO slots (slot_id, start_time, end_time, service_type, location, status)\n' +
    '                                VALUES ($1, $2, $3, $4, $5, $6)\n' +
    '                            ',
  duration: 303,
  rows: 1
}
[DEBUG] 2025-11-28T06:54:37.493Z - Executed query {
  text: '\n' +
    '                                INSERT INTO slots (slot_id, start_time, end_time, service_type, location, status)\n' +
    '                                VALUES ($1, $2, $3, $4, $5, $6)\n' +
    '                            ',
  duration: 319,
  rows: 1
}
[DEBUG] 2025-11-28T06:54:37.800Z - Executed query {
  text: '\n' +
    '                                INSERT INTO slots (slot_id, start_time, end_time, service_type, location, status)\n' +
    '                                VALUES ($1, $2, $3, $4, $5, $6)\n' +
    '                            ',
  duration: 307,
  rows: 1
}
[DEBUG] 2025-11-28T06:54:38.102Z - Executed query {
  text: '\n' +
    '                                INSERT INTO slots (slot_id, start_time, end_time, service_type, location, status)\n' +
    '                                VALUES ($1, $2, $3, $4, $5, $6)\n' +
    '                            ',
  duration: 302,
  rows: 1
}
[DEBUG] 2025-11-28T06:54:38.404Z - Executed query {
  text: '\n' +
    '                                INSERT INTO slots (slot_id, start_time, end_time, service_type, location, status)\n' +
    '                                VALUES ($1, $2, $3, $4, $5, $6)\n' +
    '                            ',
  duration: 302,
  rows: 1
}
[DEBUG] 2025-11-28T06:54:38.704Z - Executed query {
  text: '\n' +
    '                                INSERT INTO slots (slot_id, start_time, end_time, service_type, location, status)\n' +
    '                                VALUES ($1, $2, $3, $4, $5, $6)\n' +
    '                            ',
  duration: 300,
  rows: 1
}
[DEBUG] 2025-11-28T06:54:39.002Z - Executed query {
  text: '\n' +
    '                                INSERT INTO slots (slot_id, start_time, end_time, service_type, location, status)\n' +
    '                                VALUES ($1, $2, $3, $4, $5, $6)\n' +
    '                            ',
  duration: 298,
  rows: 1
}
[DEBUG] 2025-11-28T06:54:39.296Z - Executed query {
  text: '\n' +
    '                                INSERT INTO slots (slot_id, start_time, end_time, service_type, location, status)\n' +
    '                                VALUES ($1, $2, $3, $4, $5, $6)\n' +
    '                            ',
  duration: 294,
  rows: 1
}
[DEBUG] 2025-11-28T06:54:39.595Z - Executed query {
  text: '\n' +
    '                                INSERT INTO slots (slot_id, start_time, end_time, service_type, location, status)\n' +
    '                                VALUES ($1, $2, $3, $4, $5, $6)\n' +
    '                            ',
  duration: 299,
  rows: 1
}
[DEBUG] 2025-11-28T06:54:39.893Z - Executed query {
  text: '\n' +
    '                                INSERT INTO slots (slot_id, start_time, end_time, service_type, location, status)\n' +
    '                                VALUES ($1, $2, $3, $4, $5, $6)\n' +
    '                            ',
  duration: 298,
  rows: 1
}
[DEBUG] 2025-11-28T06:54:40.198Z - Executed query {
  text: '\n' +
    '                                INSERT INTO slots (slot_id, start_time, end_time, service_type, location, status)\n' +
    '                                VALUES ($1, $2, $3, $4, $5, $6)\n' +
    '                            ',
  duration: 305,
  rows: 1
}
[DEBUG] 2025-11-28T06:54:40.494Z - Executed query {
  text: '\n' +
    '                                INSERT INTO slots (slot_id, start_time, end_time, service_type, location, status)\n' +
    '                                VALUES ($1, $2, $3, $4, $5, $6)\n' +
    '                            ',
  duration: 296,
  rows: 1
}
[DEBUG] 2025-11-28T06:54:40.813Z - Executed query {
  text: '\n' +
    '                                INSERT INTO slots (slot_id, start_time, end_time, service_type, location, status)\n' +
    '                                VALUES ($1, $2, $3, $4, $5, $6)\n' +
    '                            ',
  duration: 318,
  rows: 1
}
[DEBUG] 2025-11-28T06:54:41.211Z - Executed query {
  text: '\n' +
    '                                INSERT INTO slots (slot_id, start_time, end_time, service_type, location, status)\n' +
    '                                VALUES ($1, $2, $3, $4, $5, $6)\n' +
    '                            ',
  duration: 398,
  rows: 1
}
  Created 99 slots for 2025-12-01
Creating slots for 2025-12-02:
[DEBUG] 2025-11-28T06:54:41.519Z - Executed query {
  text: '\n' +
    '                            INSERT INTO slots (slot_id, start_time, end_time, service_type, location, status)\n' +
    '                            VALUES ($1, $2, $3, $4, $5, $6)\n' +
    '                        ',
  duration: 308,
  rows: 1
}
[DEBUG] 2025-11-28T06:54:41.821Z - Executed query {
  text: '\n' +
    '                            INSERT INTO slots (slot_id, start_time, end_time, service_type, location, status)\n' +
    '                            VALUES ($1, $2, $3, $4, $5, $6)\n' +
    '                        ',
  duration: 301,
  rows: 1
}
[DEBUG] 2025-11-28T06:54:42.122Z - Executed query {
  text: '\n' +
    '                            INSERT INTO slots (slot_id, start_time, end_time, service_type, location, status)\n' +
    '                            VALUES ($1, $2, $3, $4, $5, $6)\n' +
    '                        ',
  duration: 301,
  rows: 1
}
[DEBUG] 2025-11-28T06:54:42.422Z - Executed query {
  text: '\n' +
    '                            INSERT INTO slots (slot_id, start_time, end_time, service_type, location, status)\n' +
    '                            VALUES ($1, $2, $3, $4, $5, $6)\n' +
    '                        ',
  duration: 299,
  rows: 1
}
[DEBUG] 2025-11-28T06:54:42.716Z - Executed query {
  text: '\n' +
    '                            INSERT INTO slots (slot_id, start_time, end_time, service_type, location, status)\n' +
    '                            VALUES ($1, $2, $3, $4, $5, $6)\n' +
    '                        ',
  duration: 293,
  rows: 1
}
[DEBUG] 2025-11-28T06:54:43.015Z - Executed query {
  text: '\n' +
    '                            INSERT INTO slots (slot_id, start_time, end_time, service_type, location, status)\n' +
    '                            VALUES ($1, $2, $3, $4, $5, $6)\n' +
    '                        ',
  duration: 298,
  rows: 1
}
[DEBUG] 2025-11-28T06:54:43.313Z - Executed query {
  text: '\n' +
    '                            INSERT INTO slots (slot_id, start_time, end_time, service_type, location, status)\n' +
    '                            VALUES ($1, $2, $3, $4, $5, $6)\n' +
    '                        ',
  duration: 298,
  rows: 1
}
[DEBUG] 2025-11-28T06:54:43.607Z - Executed query {
  text: '\n' +
    '                            INSERT INTO slots (slot_id, start_time, end_time, service_type, location, status)\n' +
    '                            VALUES ($1, $2, $3, $4, $5, $6)\n' +
    '                        ',
  duration: 293,
  rows: 1
}
[DEBUG] 2025-11-28T06:54:43.901Z - Executed query {
  text: '\n' +
    '                            INSERT INTO slots (slot_id, start_time, end_time, service_type, location, status)\n' +
    '                            VALUES ($1, $2, $3, $4, $5, $6)\n' +
    '                        ',
  duration: 294,
  rows: 1
}
[DEBUG] 2025-11-28T06:54:44.197Z - Executed query {
  text: '\n' +
    '                                INSERT INTO slots (slot_id, start_time, end_time, service_type, location, status)\n' +
    '                                VALUES ($1, $2, $3, $4, $5, $6)\n' +
    '                            ',
  duration: 296,
  rows: 1
}
[DEBUG] 2025-11-28T06:54:44.493Z - Executed query {
  text: '\n' +
    '                                INSERT INTO slots (slot_id, start_time, end_time, service_type, location, status)\n' +
    '                                VALUES ($1, $2, $3, $4, $5, $6)\n' +
    '                            ',
  duration: 296,
  rows: 1
}
[DEBUG] 2025-11-28T06:54:44.794Z - Executed query {
  text: '\n' +
    '                                INSERT INTO slots (slot_id, start_time, end_time, service_type, location, status)\n' +
    '                                VALUES ($1, $2, $3, $4, $5, $6)\n' +
    '                            ',
  duration: 300,
  rows: 1
}
[DEBUG] 2025-11-28T06:54:45.090Z - Executed query {
  text: '\n' +
    '                                INSERT INTO slots (slot_id, start_time, end_time, service_type, location, status)\n' +
    '                                VALUES ($1, $2, $3, $4, $5, $6)\n' +
    '                            ',
  duration: 296,
  rows: 1
}
[DEBUG] 2025-11-28T06:54:45.388Z - Executed query {
  text: '\n' +
    '                                INSERT INTO slots (slot_id, start_time, end_time, service_type, location, status)\n' +
    '                                VALUES ($1, $2, $3, $4, $5, $6)\n' +
    '                            ',
  duration: 298,
  rows: 1
}
[DEBUG] 2025-11-28T06:54:45.685Z - Executed query {
  text: '\n' +
    '                                INSERT INTO slots (slot_id, start_time, end_time, service_type, location, status)\n' +
    '                                VALUES ($1, $2, $3, $4, $5, $6)\n' +
    '                            ',
  duration: 297,
  rows: 1
}
[DEBUG] 2025-11-28T06:54:46.004Z - Executed query {
  text: '\n' +
    '                                INSERT INTO slots (slot_id, start_time, end_time, service_type, location, status)\n' +
    '                                VALUES ($1, $2, $3, $4, $5, $6)\n' +
    '                            ',
  duration: 319,
  rows: 1
}
[DEBUG] 2025-11-28T06:54:46.313Z - Executed query {
  text: '\n' +
    '                                INSERT INTO slots (slot_id, start_time, end_time, service_type, location, status)\n' +
    '                                VALUES ($1, $2, $3, $4, $5, $6)\n' +
    '                            ',
  duration: 308,
  rows: 1
}
[DEBUG] 2025-11-28T06:54:46.614Z - Executed query {
  text: '\n' +
    '                                INSERT INTO slots (slot_id, start_time, end_time, service_type, location, status)\n' +
    '                                VALUES ($1, $2, $3, $4, $5, $6)\n' +
    '                            ',
  duration: 301,
  rows: 1
}
[DEBUG] 2025-11-28T06:54:46.914Z - Executed query {
  text: '\n' +
    '                                INSERT INTO slots (slot_id, start_time, end_time, service_type, location, status)\n' +
    '                                VALUES ($1, $2, $3, $4, $5, $6)\n' +
    '                            ',
  duration: 300,
  rows: 1
}
[DEBUG] 2025-11-28T06:54:47.236Z - Executed query {
  text: '\n' +
    '                                INSERT INTO slots (slot_id, start_time, end_time, service_type, location, status)\n' +
    '                                VALUES ($1, $2, $3, $4, $5, $6)\n' +
    '                            ',
  duration: 322,
  rows: 1
}
[DEBUG] 2025-11-28T06:54:47.540Z - Executed query {
  text: '\n' +
    '                                INSERT INTO slots (slot_id, start_time, end_time, service_type, location, status)\n' +
    '                                VALUES ($1, $2, $3, $4, $5, $6)\n' +
    '                            ',
  duration: 303,
  rows: 1
}
[DEBUG] 2025-11-28T06:54:47.835Z - Executed query {
  text: '\n' +
    '                                INSERT INTO slots (slot_id, start_time, end_time, service_type, location, status)\n' +
    '                                VALUES ($1, $2, $3, $4, $5, $6)\n' +
    '                            ',
  duration: 295,
  rows: 1
}
[DEBUG] 2025-11-28T06:54:48.133Z - Executed query {
  text: '\n' +
    '                                INSERT INTO slots (slot_id, start_time, end_time, service_type, location, status)\n' +
    '                                VALUES ($1, $2, $3, $4, $5, $6)\n' +
    '                            ',
  duration: 298,
  rows: 1
}
[DEBUG] 2025-11-28T06:54:48.427Z - Executed query {
  text: '\n' +
    '                                INSERT INTO slots (slot_id, start_time, end_time, service_type, location, status)\n' +
    '                                VALUES ($1, $2, $3, $4, $5, $6)\n' +
    '                            ',
  duration: 293,
  rows: 1
}
[DEBUG] 2025-11-28T06:54:48.724Z - Executed query {
  text: '\n' +
    '                                INSERT INTO slots (slot_id, start_time, end_time, service_type, location, status)\n' +
    '                                VALUES ($1, $2, $3, $4, $5, $6)\n' +
    '                            ',
  duration: 297,
  rows: 1
}
[DEBUG] 2025-11-28T06:54:49.019Z - Executed query {
  text: '\n' +
    '                                INSERT INTO slots (slot_id, start_time, end_time, service_type, location, status)\n' +
    '                                VALUES ($1, $2, $3, $4, $5, $6)\n' +
    '                            ',
  duration: 295,
  rows: 1
}
[DEBUG] 2025-11-28T06:54:49.326Z - Executed query {
  text: '\n' +
    '                                INSERT INTO slots (slot_id, start_time, end_time, service_type, location, status)\n' +
    '                                VALUES ($1, $2, $3, $4, $5, $6)\n' +
    '                            ',
  duration: 307,
  rows: 1
}
[DEBUG] 2025-11-28T06:54:49.631Z - Executed query {
  text: '\n' +
    '                                INSERT INTO slots (slot_id, start_time, end_time, service_type, location, status)\n' +
    '                                VALUES ($1, $2, $3, $4, $5, $6)\n' +
    '                            ',
  duration: 305,
  rows: 1
}
[DEBUG] 2025-11-28T06:54:49.926Z - Executed query {
  text: '\n' +
    '                                INSERT INTO slots (slot_id, start_time, end_time, service_type, location, status)\n' +
    '                                VALUES ($1, $2, $3, $4, $5, $6)\n' +
    '                            ',
  duration: 294,
  rows: 1
}
[DEBUG] 2025-11-28T06:54:50.243Z - Executed query {
  text: '\n' +
    '                                INSERT INTO slots (slot_id, start_time, end_time, service_type, location, status)\n' +
    '                                VALUES ($1, $2, $3, $4, $5, $6)\n' +
    '                            ',
  duration: 317,
  rows: 1
}
[DEBUG] 2025-11-28T06:54:50.544Z - Executed query {
  text: '\n' +
    '                                INSERT INTO slots (slot_id, start_time, end_time, service_type, location, status)\n' +
    '                                VALUES ($1, $2, $3, $4, $5, $6)\n' +
    '                            ',
  duration: 297,
  rows: 1
}
[DEBUG] 2025-11-28T06:54:50.839Z - Executed query {
  text: '\n' +
    '                                INSERT INTO slots (slot_id, start_time, end_time, service_type, location, status)\n' +
    '                                VALUES ($1, $2, $3, $4, $5, $6)\n' +
    '                            ',
  duration: 295,
  rows: 1
}
[DEBUG] 2025-11-28T06:54:51.147Z - Executed query {
  text: '\n' +
    '                                INSERT INTO slots (slot_id, start_time, end_time, service_type, location, status)\n' +
    '                                VALUES ($1, $2, $3, $4, $5, $6)\n' +
    '                            ',
  duration: 308,
  rows: 1
}
[DEBUG] 2025-11-28T06:54:51.457Z - Executed query {
  text: '\n' +
    '                            INSERT INTO slots (slot_id, start_time, end_time, service_type, location, status)\n' +
    '                            VALUES ($1, $2, $3, $4, $5, $6)\n' +
    '                        ',
  duration: 310,
  rows: 1
}
[DEBUG] 2025-11-28T06:54:51.754Z - Executed query {
  text: '\n' +
    '                            INSERT INTO slots (slot_id, start_time, end_time, service_type, location, status)\n' +
    '                            VALUES ($1, $2, $3, $4, $5, $6)\n' +
    '                        ',
  duration: 297,
  rows: 1
}
[DEBUG] 2025-11-28T06:54:52.050Z - Executed query {
  text: '\n' +
    '                            INSERT INTO slots (slot_id, start_time, end_time, service_type, location, status)\n' +
    '                            VALUES ($1, $2, $3, $4, $5, $6)\n' +
    '                        ',
  duration: 296,
  rows: 1
}
[DEBUG] 2025-11-28T06:54:52.346Z - Executed query {
  text: '\n' +
    '                            INSERT INTO slots (slot_id, start_time, end_time, service_type, location, status)\n' +
    '                            VALUES ($1, $2, $3, $4, $5, $6)\n' +
    '                        ',
  duration: 296,
  rows: 1
}
[DEBUG] 2025-11-28T06:54:52.642Z - Executed query {
  text: '\n' +
    '                            INSERT INTO slots (slot_id, start_time, end_time, service_type, location, status)\n' +
    '                            VALUES ($1, $2, $3, $4, $5, $6)\n' +
    '                        ',
  duration: 296,
  rows: 1
}
[DEBUG] 2025-11-28T06:54:52.941Z - Executed query {
  text: '\n' +
    '                            INSERT INTO slots (slot_id, start_time, end_time, service_type, location, status)\n' +
    '                            VALUES ($1, $2, $3, $4, $5, $6)\n' +
    '                        ',
  duration: 299,
  rows: 1
}
[DEBUG] 2025-11-28T06:54:53.237Z - Executed query {
  text: '\n' +
    '                            INSERT INTO slots (slot_id, start_time, end_time, service_type, location, status)\n' +
    '                            VALUES ($1, $2, $3, $4, $5, $6)\n' +
    '                        ',
  duration: 296,
  rows: 1
}
[DEBUG] 2025-11-28T06:54:53.531Z - Executed query {
  text: '\n' +
    '                            INSERT INTO slots (slot_id, start_time, end_time, service_type, location, status)\n' +
    '                            VALUES ($1, $2, $3, $4, $5, $6)\n' +
    '                        ',
  duration: 293,
  rows: 1
}
[DEBUG] 2025-11-28T06:54:53.826Z - Executed query {
  text: '\n' +
    '                            INSERT INTO slots (slot_id, start_time, end_time, service_type, location, status)\n' +
    '                            VALUES ($1, $2, $3, $4, $5, $6)\n' +
    '                        ',
  duration: 294,
  rows: 1
}
[DEBUG] 2025-11-28T06:54:54.139Z - Executed query {
  text: '\n' +
    '                                INSERT INTO slots (slot_id, start_time, end_time, service_type, location, status)\n' +
    '                                VALUES ($1, $2, $3, $4, $5, $6)\n' +
    '                            ',
  duration: 313,
  rows: 1
}
[DEBUG] 2025-11-28T06:54:54.434Z - Executed query {
  text: '\n' +
    '                                INSERT INTO slots (slot_id, start_time, end_time, service_type, location, status)\n' +
    '                                VALUES ($1, $2, $3, $4, $5, $6)\n' +
    '                            ',
  duration: 295,
  rows: 1
}
[DEBUG] 2025-11-28T06:54:54.736Z - Executed query {
  text: '\n' +
    '                                INSERT INTO slots (slot_id, start_time, end_time, service_type, location, status)\n' +
    '                                VALUES ($1, $2, $3, $4, $5, $6)\n' +
    '                            ',
  duration: 302,
  rows: 1
}
[DEBUG] 2025-11-28T06:54:55.049Z - Executed query {
  text: '\n' +
    '                                INSERT INTO slots (slot_id, start_time, end_time, service_type, location, status)\n' +
    '                                VALUES ($1, $2, $3, $4, $5, $6)\n' +
    '                            ',
  duration: 312,
  rows: 1
}
[DEBUG] 2025-11-28T06:54:55.345Z - Executed query {
  text: '\n' +
    '                                INSERT INTO slots (slot_id, start_time, end_time, service_type, location, status)\n' +
    '                                VALUES ($1, $2, $3, $4, $5, $6)\n' +
    '                            ',
  duration: 296,
  rows: 1
}
[DEBUG] 2025-11-28T06:54:55.639Z - Executed query {
  text: '\n' +
    '                                INSERT INTO slots (slot_id, start_time, end_time, service_type, location, status)\n' +
    '                                VALUES ($1, $2, $3, $4, $5, $6)\n' +
    '                            ',
  duration: 294,
  rows: 1
}
[DEBUG] 2025-11-28T06:54:55.933Z - Executed query {
  text: '\n' +
    '                                INSERT INTO slots (slot_id, start_time, end_time, service_type, location, status)\n' +
    '                                VALUES ($1, $2, $3, $4, $5, $6)\n' +
    '                            ',
  duration: 294,
  rows: 1
}
[DEBUG] 2025-11-28T06:54:56.232Z - Executed query {
  text: '\n' +
    '                                INSERT INTO slots (slot_id, start_time, end_time, service_type, location, status)\n' +
    '                                VALUES ($1, $2, $3, $4, $5, $6)\n' +
    '                            ',
  duration: 299,
  rows: 1
}
[DEBUG] 2025-11-28T06:54:56.534Z - Executed query {
  text: '\n' +
    '                                INSERT INTO slots (slot_id, start_time, end_time, service_type, location, status)\n' +
    '                                VALUES ($1, $2, $3, $4, $5, $6)\n' +
    '                            ',
  duration: 302,
  rows: 1
}
[DEBUG] 2025-11-28T06:54:56.833Z - Executed query {
  text: '\n' +
    '                                INSERT INTO slots (slot_id, start_time, end_time, service_type, location, status)\n' +
    '                                VALUES ($1, $2, $3, $4, $5, $6)\n' +
    '                            ',
  duration: 299,
  rows: 1
}
[DEBUG] 2025-11-28T06:54:57.132Z - Executed query {
  text: '\n' +
    '                                INSERT INTO slots (slot_id, start_time, end_time, service_type, location, status)\n' +
    '                                VALUES ($1, $2, $3, $4, $5, $6)\n' +
    '                            ',
  duration: 299,
  rows: 1
}
[DEBUG] 2025-11-28T06:54:57.428Z - Executed query {
  text: '\n' +
    '                                INSERT INTO slots (slot_id, start_time, end_time, service_type, location, status)\n' +
    '                                VALUES ($1, $2, $3, $4, $5, $6)\n' +
    '                            ',
  duration: 295,
  rows: 1
}
[DEBUG] 2025-11-28T06:54:57.723Z - Executed query {
  text: '\n' +
    '                                INSERT INTO slots (slot_id, start_time, end_time, service_type, location, status)\n' +
    '                                VALUES ($1, $2, $3, $4, $5, $6)\n' +
    '                            ',
  duration: 295,
  rows: 1
}
[DEBUG] 2025-11-28T06:54:58.021Z - Executed query {
  text: '\n' +
    '                                INSERT INTO slots (slot_id, start_time, end_time, service_type, location, status)\n' +
    '                                VALUES ($1, $2, $3, $4, $5, $6)\n' +
    '                            ',
  duration: 297,
  rows: 1
}
[DEBUG] 2025-11-28T06:54:58.319Z - Executed query {
  text: '\n' +
    '                                INSERT INTO slots (slot_id, start_time, end_time, service_type, location, status)\n' +
    '                                VALUES ($1, $2, $3, $4, $5, $6)\n' +
    '                            ',
  duration: 297,
  rows: 1
}
[DEBUG] 2025-11-28T06:54:58.618Z - Executed query {
  text: '\n' +
    '                                INSERT INTO slots (slot_id, start_time, end_time, service_type, location, status)\n' +
    '                                VALUES ($1, $2, $3, $4, $5, $6)\n' +
    '                            ',
  duration: 299,
  rows: 1
}
[DEBUG] 2025-11-28T06:54:58.912Z - Executed query {
  text: '\n' +
    '                                INSERT INTO slots (slot_id, start_time, end_time, service_type, location, status)\n' +
    '                                VALUES ($1, $2, $3, $4, $5, $6)\n' +
    '                            ',
  duration: 294,
  rows: 1
}
[DEBUG] 2025-11-28T06:54:59.209Z - Executed query {
  text: '\n' +
    '                                INSERT INTO slots (slot_id, start_time, end_time, service_type, location, status)\n' +
    '                                VALUES ($1, $2, $3, $4, $5, $6)\n' +
    '                            ',
  duration: 297,
  rows: 1
}
[DEBUG] 2025-11-28T06:54:59.503Z - Executed query {
  text: '\n' +
    '                                INSERT INTO slots (slot_id, start_time, end_time, service_type, location, status)\n' +
    '                                VALUES ($1, $2, $3, $4, $5, $6)\n' +
    '                            ',
  duration: 294,
  rows: 1
}
[DEBUG] 2025-11-28T06:54:59.807Z - Executed query {
  text: '\n' +
    '                                INSERT INTO slots (slot_id, start_time, end_time, service_type, location, status)\n' +
    '                                VALUES ($1, $2, $3, $4, $5, $6)\n' +
    '                            ',
  duration: 303,
  rows: 1
}
[DEBUG] 2025-11-28T06:55:00.106Z - Executed query {
  text: '\n' +
    '                                INSERT INTO slots (slot_id, start_time, end_time, service_type, location, status)\n' +
    '                                VALUES ($1, $2, $3, $4, $5, $6)\n' +
    '                            ',
  duration: 299,
  rows: 1
}
[DEBUG] 2025-11-28T06:55:00.405Z - Executed query {
  text: '\n' +
    '                                INSERT INTO slots (slot_id, start_time, end_time, service_type, location, status)\n' +
    '                                VALUES ($1, $2, $3, $4, $5, $6)\n' +
    '                            ',
  duration: 299,
  rows: 1
}
[DEBUG] 2025-11-28T06:55:00.701Z - Executed query {
  text: '\n' +
    '                                INSERT INTO slots (slot_id, start_time, end_time, service_type, location, status)\n' +
    '                                VALUES ($1, $2, $3, $4, $5, $6)\n' +
    '                            ',
  duration: 296,
  rows: 1
}
[DEBUG] 2025-11-28T06:55:00.998Z - Executed query {
  text: '\n' +
    '                                INSERT INTO slots (slot_id, start_time, end_time, service_type, location, status)\n' +
    '                                VALUES ($1, $2, $3, $4, $5, $6)\n' +
    '                            ',
  duration: 296,
  rows: 1
}
[DEBUG] 2025-11-28T06:55:01.294Z - Executed query {
  text: '\n' +
    '                            INSERT INTO slots (slot_id, start_time, end_time, service_type, location, status)\n' +
    '                            VALUES ($1, $2, $3, $4, $5, $6)\n' +
    '                        ',
  duration: 296,
  rows: 1
}
[DEBUG] 2025-11-28T06:55:01.608Z - Executed query {
  text: '\n' +
    '                            INSERT INTO slots (slot_id, start_time, end_time, service_type, location, status)\n' +
    '                            VALUES ($1, $2, $3, $4, $5, $6)\n' +
    '                        ',
  duration: 314,
  rows: 1
}
[DEBUG] 2025-11-28T06:55:01.902Z - Executed query {
  text: '\n' +
    '                            INSERT INTO slots (slot_id, start_time, end_time, service_type, location, status)\n' +
    '                            VALUES ($1, $2, $3, $4, $5, $6)\n' +
    '                        ',
  duration: 294,
  rows: 1
}
[DEBUG] 2025-11-28T06:55:02.200Z - Executed query {
  text: '\n' +
    '                            INSERT INTO slots (slot_id, start_time, end_time, service_type, location, status)\n' +
    '                            VALUES ($1, $2, $3, $4, $5, $6)\n' +
    '                        ',
  duration: 298,
  rows: 1
}
[DEBUG] 2025-11-28T06:55:02.504Z - Executed query {
  text: '\n' +
    '                            INSERT INTO slots (slot_id, start_time, end_time, service_type, location, status)\n' +
    '                            VALUES ($1, $2, $3, $4, $5, $6)\n' +
    '                        ',
  duration: 304,
  rows: 1
}
[DEBUG] 2025-11-28T06:55:02.799Z - Executed query {
  text: '\n' +
    '                            INSERT INTO slots (slot_id, start_time, end_time, service_type, location, status)\n' +
    '                            VALUES ($1, $2, $3, $4, $5, $6)\n' +
    '                        ',
  duration: 294,
  rows: 1
}
[DEBUG] 2025-11-28T06:55:03.094Z - Executed query {
  text: '\n' +
    '                            INSERT INTO slots (slot_id, start_time, end_time, service_type, location, status)\n' +
    '                            VALUES ($1, $2, $3, $4, $5, $6)\n' +
    '                        ',
  duration: 295,
  rows: 1
}
[DEBUG] 2025-11-28T06:55:03.389Z - Executed query {
  text: '\n' +
    '                            INSERT INTO slots (slot_id, start_time, end_time, service_type, location, status)\n' +
    '                            VALUES ($1, $2, $3, $4, $5, $6)\n' +
    '                        ',
  duration: 295,
  rows: 1
}
[DEBUG] 2025-11-28T06:55:03.688Z - Executed query {
  text: '\n' +
    '                            INSERT INTO slots (slot_id, start_time, end_time, service_type, location, status)\n' +
    '                            VALUES ($1, $2, $3, $4, $5, $6)\n' +
    '                        ',
  duration: 299,
  rows: 1
}
[DEBUG] 2025-11-28T06:55:03.994Z - Executed query {
  text: '\n' +
    '                                INSERT INTO slots (slot_id, start_time, end_time, service_type, location, status)\n' +
    '                                VALUES ($1, $2, $3, $4, $5, $6)\n' +
    '                            ',
  duration: 306,
  rows: 1
}
[DEBUG] 2025-11-28T06:55:04.292Z - Executed query {
  text: '\n' +
    '                                INSERT INTO slots (slot_id, start_time, end_time, service_type, location, status)\n' +
    '                                VALUES ($1, $2, $3, $4, $5, $6)\n' +
    '                            ',
  duration: 298,
  rows: 1
}
[DEBUG] 2025-11-28T06:55:04.597Z - Executed query {
  text: '\n' +
    '                                INSERT INTO slots (slot_id, start_time, end_time, service_type, location, status)\n' +
    '                                VALUES ($1, $2, $3, $4, $5, $6)\n' +
    '                            ',
  duration: 304,
  rows: 1
}
[DEBUG] 2025-11-28T06:55:04.895Z - Executed query {
  text: '\n' +
    '                                INSERT INTO slots (slot_id, start_time, end_time, service_type, location, status)\n' +
    '                                VALUES ($1, $2, $3, $4, $5, $6)\n' +
    '                            ',
  duration: 298,
  rows: 1
}
[DEBUG] 2025-11-28T06:55:05.191Z - Executed query {
  text: '\n' +
    '                                INSERT INTO slots (slot_id, start_time, end_time, service_type, location, status)\n' +
    '                                VALUES ($1, $2, $3, $4, $5, $6)\n' +
    '                            ',
  duration: 295,
  rows: 1
}
[DEBUG] 2025-11-28T06:55:05.492Z - Executed query {
  text: '\n' +
    '                                INSERT INTO slots (slot_id, start_time, end_time, service_type, location, status)\n' +
    '                                VALUES ($1, $2, $3, $4, $5, $6)\n' +
    '                            ',
  duration: 301,
  rows: 1
}
[DEBUG] 2025-11-28T06:55:05.792Z - Executed query {
  text: '\n' +
    '                                INSERT INTO slots (slot_id, start_time, end_time, service_type, location, status)\n' +
    '                                VALUES ($1, $2, $3, $4, $5, $6)\n' +
    '                            ',
  duration: 299,
  rows: 1
}
[DEBUG] 2025-11-28T06:55:06.087Z - Executed query {
  text: '\n' +
    '                                INSERT INTO slots (slot_id, start_time, end_time, service_type, location, status)\n' +
    '                                VALUES ($1, $2, $3, $4, $5, $6)\n' +
    '                            ',
  duration: 295,
  rows: 1
}
[DEBUG] 2025-11-28T06:55:06.381Z - Executed query {
  text: '\n' +
    '                                INSERT INTO slots (slot_id, start_time, end_time, service_type, location, status)\n' +
    '                                VALUES ($1, $2, $3, $4, $5, $6)\n' +
    '                            ',
  duration: 294,
  rows: 1
}
[DEBUG] 2025-11-28T06:55:06.676Z - Executed query {
  text: '\n' +
    '                                INSERT INTO slots (slot_id, start_time, end_time, service_type, location, status)\n' +
    '                                VALUES ($1, $2, $3, $4, $5, $6)\n' +
    '                            ',
  duration: 295,
  rows: 1
}
[DEBUG] 2025-11-28T06:55:06.984Z - Executed query {
  text: '\n' +
    '                                INSERT INTO slots (slot_id, start_time, end_time, service_type, location, status)\n' +
    '                                VALUES ($1, $2, $3, $4, $5, $6)\n' +
    '                            ',
  duration: 307,
  rows: 1
}
[DEBUG] 2025-11-28T06:55:07.287Z - Executed query {
  text: '\n' +
    '                                INSERT INTO slots (slot_id, start_time, end_time, service_type, location, status)\n' +
    '                                VALUES ($1, $2, $3, $4, $5, $6)\n' +
    '                            ',
  duration: 303,
  rows: 1
}
[DEBUG] 2025-11-28T06:55:07.589Z - Executed query {
  text: '\n' +
    '                                INSERT INTO slots (slot_id, start_time, end_time, service_type, location, status)\n' +
    '                                VALUES ($1, $2, $3, $4, $5, $6)\n' +
    '                            ',
  duration: 302,
  rows: 1
}
[DEBUG] 2025-11-28T06:55:07.885Z - Executed query {
  text: '\n' +
    '                                INSERT INTO slots (slot_id, start_time, end_time, service_type, location, status)\n' +
    '                                VALUES ($1, $2, $3, $4, $5, $6)\n' +
    '                            ',
  duration: 295,
  rows: 1
}
[DEBUG] 2025-11-28T06:55:08.185Z - Executed query {
  text: '\n' +
    '                                INSERT INTO slots (slot_id, start_time, end_time, service_type, location, status)\n' +
    '                                VALUES ($1, $2, $3, $4, $5, $6)\n' +
    '                            ',
  duration: 300,
  rows: 1
}
[DEBUG] 2025-11-28T06:55:08.481Z - Executed query {
  text: '\n' +
    '                                INSERT INTO slots (slot_id, start_time, end_time, service_type, location, status)\n' +
    '                                VALUES ($1, $2, $3, $4, $5, $6)\n' +
    '                            ',
  duration: 296,
  rows: 1
}
[DEBUG] 2025-11-28T06:55:08.776Z - Executed query {
  text: '\n' +
    '                                INSERT INTO slots (slot_id, start_time, end_time, service_type, location, status)\n' +
    '                                VALUES ($1, $2, $3, $4, $5, $6)\n' +
    '                            ',
  duration: 295,
  rows: 1
}
[DEBUG] 2025-11-28T06:55:09.074Z - Executed query {
  text: '\n' +
    '                                INSERT INTO slots (slot_id, start_time, end_time, service_type, location, status)\n' +
    '                                VALUES ($1, $2, $3, $4, $5, $6)\n' +
    '                            ',
  duration: 297,
  rows: 1
}
[DEBUG] 2025-11-28T06:55:09.370Z - Executed query {
  text: '\n' +
    '                                INSERT INTO slots (slot_id, start_time, end_time, service_type, location, status)\n' +
    '                                VALUES ($1, $2, $3, $4, $5, $6)\n' +
    '                            ',
  duration: 296,
  rows: 1
}
[DEBUG] 2025-11-28T06:55:09.666Z - Executed query {
  text: '\n' +
    '                                INSERT INTO slots (slot_id, start_time, end_time, service_type, location, status)\n' +
    '                                VALUES ($1, $2, $3, $4, $5, $6)\n' +
    '                            ',
  duration: 296,
  rows: 1
}
[DEBUG] 2025-11-28T06:55:09.961Z - Executed query {
  text: '\n' +
    '                                INSERT INTO slots (slot_id, start_time, end_time, service_type, location, status)\n' +
    '                                VALUES ($1, $2, $3, $4, $5, $6)\n' +
    '                            ',
  duration: 294,
  rows: 1
}
[DEBUG] 2025-11-28T06:55:10.260Z - Executed query {
  text: '\n' +
    '                                INSERT INTO slots (slot_id, start_time, end_time, service_type, location, status)\n' +
    '                                VALUES ($1, $2, $3, $4, $5, $6)\n' +
    '                            ',
  duration: 299,
  rows: 1
}
[DEBUG] 2025-11-28T06:55:10.556Z - Executed query {
  text: '\n' +
    '                                INSERT INTO slots (slot_id, start_time, end_time, service_type, location, status)\n' +
    '                                VALUES ($1, $2, $3, $4, $5, $6)\n' +
    '                            ',
  duration: 295,
  rows: 1
}
[DEBUG] 2025-11-28T06:55:10.855Z - Executed query {
  text: '\n' +
    '                                INSERT INTO slots (slot_id, start_time, end_time, service_type, location, status)\n' +
    '                                VALUES ($1, $2, $3, $4, $5, $6)\n' +
    '                            ',
  duration: 299,
  rows: 1
}
  Created 99 slots for 2025-12-02
Creating slots for 2025-12-03:
[DEBUG] 2025-11-28T06:55:11.151Z - Executed query {
  text: '\n' +
    '                            INSERT INTO slots (slot_id, start_time, end_time, service_type, location, status)\n' +
    '                            VALUES ($1, $2, $3, $4, $5, $6)\n' +
    '                        ',
  duration: 296,
  rows: 1
}
[DEBUG] 2025-11-28T06:55:11.447Z - Executed query {
  text: '\n' +
    '                            INSERT INTO slots (slot_id, start_time, end_time, service_type, location, status)\n' +
    '                            VALUES ($1, $2, $3, $4, $5, $6)\n' +
    '                        ',
  duration: 296,
  rows: 1
}
[DEBUG] 2025-11-28T06:55:11.741Z - Executed query {
  text: '\n' +
    '                            INSERT INTO slots (slot_id, start_time, end_time, service_type, location, status)\n' +
    '                            VALUES ($1, $2, $3, $4, $5, $6)\n' +
    '                        ',
  duration: 294,
  rows: 1
}
[DEBUG] 2025-11-28T06:55:12.036Z - Executed query {
  text: '\n' +
    '                            INSERT INTO slots (slot_id, start_time, end_time, service_type, location, status)\n' +
    '                            VALUES ($1, $2, $3, $4, $5, $6)\n' +
    '                        ',
  duration: 294,
  rows: 1
}
[DEBUG] 2025-11-28T06:55:12.342Z - Executed query {
  text: '\n' +
    '                            INSERT INTO slots (slot_id, start_time, end_time, service_type, location, status)\n' +
    '                            VALUES ($1, $2, $3, $4, $5, $6)\n' +
    '                        ',
  duration: 305,
  rows: 1
}
[DEBUG] 2025-11-28T06:55:12.652Z - Executed query {
  text: '\n' +
    '                            INSERT INTO slots (slot_id, start_time, end_time, service_type, location, status)\n' +
    '                            VALUES ($1, $2, $3, $4, $5, $6)\n' +
    '                        ',
  duration: 310,
  rows: 1
}
[DEBUG] 2025-11-28T06:55:12.947Z - Executed query {
  text: '\n' +
    '                            INSERT INTO slots (slot_id, start_time, end_time, service_type, location, status)\n' +
    '                            VALUES ($1, $2, $3, $4, $5, $6)\n' +
    '                        ',
  duration: 295,
  rows: 1
}
[DEBUG] 2025-11-28T06:55:13.243Z - Executed query {
  text: '\n' +
    '                            INSERT INTO slots (slot_id, start_time, end_time, service_type, location, status)\n' +
    '                            VALUES ($1, $2, $3, $4, $5, $6)\n' +
    '                        ',
  duration: 296,
  rows: 1
}
[DEBUG] 2025-11-28T06:55:13.538Z - Executed query {
  text: '\n' +
    '                            INSERT INTO slots (slot_id, start_time, end_time, service_type, location, status)\n' +
    '                            VALUES ($1, $2, $3, $4, $5, $6)\n' +
    '                        ',
  duration: 295,
  rows: 1
}
[DEBUG] 2025-11-28T06:55:13.836Z - Executed query {
  text: '\n' +
    '                                INSERT INTO slots (slot_id, start_time, end_time, service_type, location, status)\n' +
    '                                VALUES ($1, $2, $3, $4, $5, $6)\n' +
    '                            ',
  duration: 298,
  rows: 1
}
[DEBUG] 2025-11-28T06:55:14.140Z - Executed query {
  text: '\n' +
    '                                INSERT INTO slots (slot_id, start_time, end_time, service_type, location, status)\n' +
    '                                VALUES ($1, $2, $3, $4, $5, $6)\n' +
    '                            ',
  duration: 304,
  rows: 1
}
[DEBUG] 2025-11-28T06:55:14.434Z - Executed query {
  text: '\n' +
    '                                INSERT INTO slots (slot_id, start_time, end_time, service_type, location, status)\n' +
    '                                VALUES ($1, $2, $3, $4, $5, $6)\n' +
    '                            ',
  duration: 294,
  rows: 1
}
[DEBUG] 2025-11-28T06:55:14.729Z - Executed query {
  text: '\n' +
    '                                INSERT INTO slots (slot_id, start_time, end_time, service_type, location, status)\n' +
    '                                VALUES ($1, $2, $3, $4, $5, $6)\n' +
    '                            ',
  duration: 295,
  rows: 1
}
[DEBUG] 2025-11-28T06:55:15.028Z - Executed query {
  text: '\n' +
    '                                INSERT INTO slots (slot_id, start_time, end_time, service_type, location, status)\n' +
    '                                VALUES ($1, $2, $3, $4, $5, $6)\n' +
    '                            ',
  duration: 298,
  rows: 1
}
[DEBUG] 2025-11-28T06:55:15.330Z - Executed query {
  text: '\n' +
    '                                INSERT INTO slots (slot_id, start_time, end_time, service_type, location, status)\n' +
    '                                VALUES ($1, $2, $3, $4, $5, $6)\n' +
    '                            ',
  duration: 302,
  rows: 1
}
[DEBUG] 2025-11-28T06:55:15.632Z - Executed query {
  text: '\n' +
    '                                INSERT INTO slots (slot_id, start_time, end_time, service_type, location, status)\n' +
    '                                VALUES ($1, $2, $3, $4, $5, $6)\n' +
    '                            ',
  duration: 302,
  rows: 1
}
[DEBUG] 2025-11-28T06:55:15.931Z - Executed query {
  text: '\n' +
    '                                INSERT INTO slots (slot_id, start_time, end_time, service_type, location, status)\n' +
    '                                VALUES ($1, $2, $3, $4, $5, $6)\n' +
    '                            ',
  duration: 298,
  rows: 1
}
[DEBUG] 2025-11-28T06:55:16.227Z - Executed query {
  text: '\n' +
    '                                INSERT INTO slots (slot_id, start_time, end_time, service_type, location, status)\n' +
    '                                VALUES ($1, $2, $3, $4, $5, $6)\n' +
    '                            ',
  duration: 296,
  rows: 1
}
[DEBUG] 2025-11-28T06:55:16.533Z - Executed query {
  text: '\n' +
    '                                INSERT INTO slots (slot_id, start_time, end_time, service_type, location, status)\n' +
    '                                VALUES ($1, $2, $3, $4, $5, $6)\n' +
    '                            ',
  duration: 305,
  rows: 1
}
[DEBUG] 2025-11-28T06:55:16.828Z - Executed query {
  text: '\n' +
    '                                INSERT INTO slots (slot_id, start_time, end_time, service_type, location, status)\n' +
    '                                VALUES ($1, $2, $3, $4, $5, $6)\n' +
    '                            ',
  duration: 295,
  rows: 1
}
[DEBUG] 2025-11-28T06:55:17.126Z - Executed query {
  text: '\n' +
    '                                INSERT INTO slots (slot_id, start_time, end_time, service_type, location, status)\n' +
    '                                VALUES ($1, $2, $3, $4, $5, $6)\n' +
    '                            ',
  duration: 298,
  rows: 1
}
[DEBUG] 2025-11-28T06:55:17.431Z - Executed query {
  text: '\n' +
    '                                INSERT INTO slots (slot_id, start_time, end_time, service_type, location, status)\n' +
    '                                VALUES ($1, $2, $3, $4, $5, $6)\n' +
    '                            ',
  duration: 304,
  rows: 1
}
[DEBUG] 2025-11-28T06:55:17.735Z - Executed query {
  text: '\n' +
    '                                INSERT INTO slots (slot_id, start_time, end_time, service_type, location, status)\n' +
    '                                VALUES ($1, $2, $3, $4, $5, $6)\n' +
    '                            ',
  duration: 303,
  rows: 1
}
[DEBUG] 2025-11-28T06:55:18.043Z - Executed query {
  text: '\n' +
    '                                INSERT INTO slots (slot_id, start_time, end_time, service_type, location, status)\n' +
    '                                VALUES ($1, $2, $3, $4, $5, $6)\n' +
    '                            ',
  duration: 308,
  rows: 1
}
[DEBUG] 2025-11-28T06:55:18.347Z - Executed query {
  text: '\n' +
    '                                INSERT INTO slots (slot_id, start_time, end_time, service_type, location, status)\n' +
    '                                VALUES ($1, $2, $3, $4, $5, $6)\n' +
    '                            ',
  duration: 303,
  rows: 1
}
[DEBUG] 2025-11-28T06:55:18.647Z - Executed query {
  text: '\n' +
    '                                INSERT INTO slots (slot_id, start_time, end_time, service_type, location, status)\n' +
    '                                VALUES ($1, $2, $3, $4, $5, $6)\n' +
    '                            ',
  duration: 299,
  rows: 1
}
[DEBUG] 2025-11-28T06:55:18.942Z - Executed query {
  text: '\n' +
    '                                INSERT INTO slots (slot_id, start_time, end_time, service_type, location, status)\n' +
    '                                VALUES ($1, $2, $3, $4, $5, $6)\n' +
    '                            ',
  duration: 294,
  rows: 1
}
[DEBUG] 2025-11-28T06:55:19.236Z - Executed query {
  text: '\n' +
    '                                INSERT INTO slots (slot_id, start_time, end_time, service_type, location, status)\n' +
    '                                VALUES ($1, $2, $3, $4, $5, $6)\n' +
    '                            ',
  duration: 294,
  rows: 1
}
[DEBUG] 2025-11-28T06:55:19.534Z - Executed query {
  text: '\n' +
    '                                INSERT INTO slots (slot_id, start_time, end_time, service_type, location, status)\n' +
    '                                VALUES ($1, $2, $3, $4, $5, $6)\n' +
    '                            ',
  duration: 297,
  rows: 1
}
[DEBUG] 2025-11-28T06:55:19.834Z - Executed query {
  text: '\n' +
    '                                INSERT INTO slots (slot_id, start_time, end_time, service_type, location, status)\n' +
    '                                VALUES ($1, $2, $3, $4, $5, $6)\n' +
    '                            ',
  duration: 300,
  rows: 1
}
[DEBUG] 2025-11-28T06:55:20.130Z - Executed query {
  text: '\n' +
    '                                INSERT INTO slots (slot_id, start_time, end_time, service_type, location, status)\n' +
    '                                VALUES ($1, $2, $3, $4, $5, $6)\n' +
    '                            ',
  duration: 296,
  rows: 1
}
[DEBUG] 2025-11-28T06:55:20.427Z - Executed query {
  text: '\n' +
    '                                INSERT INTO slots (slot_id, start_time, end_time, service_type, location, status)\n' +
    '                                VALUES ($1, $2, $3, $4, $5, $6)\n' +
    '                            ',
  duration: 296,
  rows: 1
}
[DEBUG] 2025-11-28T06:55:20.722Z - Executed query {
  text: '\n' +
    '                                INSERT INTO slots (slot_id, start_time, end_time, service_type, location, status)\n' +
    '                                VALUES ($1, $2, $3, $4, $5, $6)\n' +
    '                            ',
  duration: 294,
  rows: 1
}
[DEBUG] 2025-11-28T06:55:21.028Z - Executed query {
  text: '\n' +
    '                            INSERT INTO slots (slot_id, start_time, end_time, service_type, location, status)\n' +
    '                            VALUES ($1, $2, $3, $4, $5, $6)\n' +
    '                        ',
  duration: 306,
  rows: 1
}
[DEBUG] 2025-11-28T06:55:21.327Z - Executed query {
  text: '\n' +
    '                            INSERT INTO slots (slot_id, start_time, end_time, service_type, location, status)\n' +
    '                            VALUES ($1, $2, $3, $4, $5, $6)\n' +
    '                        ',
  duration: 298,
  rows: 1
}
[DEBUG] 2025-11-28T06:55:21.629Z - Executed query {
  text: '\n' +
    '                            INSERT INTO slots (slot_id, start_time, end_time, service_type, location, status)\n' +
    '                            VALUES ($1, $2, $3, $4, $5, $6)\n' +
    '                        ',
  duration: 302,
  rows: 1
}
[DEBUG] 2025-11-28T06:55:21.927Z - Executed query {
  text: '\n' +
    '                            INSERT INTO slots (slot_id, start_time, end_time, service_type, location, status)\n' +
    '                            VALUES ($1, $2, $3, $4, $5, $6)\n' +
    '                        ',
  duration: 298,
  rows: 1
}
[DEBUG] 2025-11-28T06:55:22.239Z - Executed query {
  text: '\n' +
    '                            INSERT INTO slots (slot_id, start_time, end_time, service_type, location, status)\n' +
    '                            VALUES ($1, $2, $3, $4, $5, $6)\n' +
    '                        ',
  duration: 312,
  rows: 1
}
[DEBUG] 2025-11-28T06:55:22.547Z - Executed query {
  text: '\n' +
    '                            INSERT INTO slots (slot_id, start_time, end_time, service_type, location, status)\n' +
    '                            VALUES ($1, $2, $3, $4, $5, $6)\n' +
    '                        ',
  duration: 307,
  rows: 1
}
[DEBUG] 2025-11-28T06:55:22.847Z - Executed query {
  text: '\n' +
    '                            INSERT INTO slots (slot_id, start_time, end_time, service_type, location, status)\n' +
    '                            VALUES ($1, $2, $3, $4, $5, $6)\n' +
    '                        ',
  duration: 299,
  rows: 1
}
[DEBUG] 2025-11-28T06:55:23.143Z - Executed query {
  text: '\n' +
    '                            INSERT INTO slots (slot_id, start_time, end_time, service_type, location, status)\n' +
    '                            VALUES ($1, $2, $3, $4, $5, $6)\n' +
    '                        ',
  duration: 296,
  rows: 1
}
[DEBUG] 2025-11-28T06:55:23.465Z - Executed query {
  text: '\n' +
    '                            INSERT INTO slots (slot_id, start_time, end_time, service_type, location, status)\n' +
    '                            VALUES ($1, $2, $3, $4, $5, $6)\n' +
    '                        ',
  duration: 322,
  rows: 1
}
[DEBUG] 2025-11-28T06:55:23.761Z - Executed query {
  text: '\n' +
    '                                INSERT INTO slots (slot_id, start_time, end_time, service_type, location, status)\n' +
    '                                VALUES ($1, $2, $3, $4, $5, $6)\n' +
    '                            ',
  duration: 296,
  rows: 1
}
[DEBUG] 2025-11-28T06:55:24.074Z - Executed query {
  text: '\n' +
    '                                INSERT INTO slots (slot_id, start_time, end_time, service_type, location, status)\n' +
    '                                VALUES ($1, $2, $3, $4, $5, $6)\n' +
    '                            ',
  duration: 313,
  rows: 1
}
[DEBUG] 2025-11-28T06:55:24.367Z - Executed query {
  text: '\n' +
    '                                INSERT INTO slots (slot_id, start_time, end_time, service_type, location, status)\n' +
    '                                VALUES ($1, $2, $3, $4, $5, $6)\n' +
    '                            ',
  duration: 293,
  rows: 1
}
[DEBUG] 2025-11-28T06:55:24.674Z - Executed query {
  text: '\n' +
    '                                INSERT INTO slots (slot_id, start_time, end_time, service_type, location, status)\n' +
    '                                VALUES ($1, $2, $3, $4, $5, $6)\n' +
    '                            ',
  duration: 306,
  rows: 1
}
[DEBUG] 2025-11-28T06:55:24.969Z - Executed query {
  text: '\n' +
    '                                INSERT INTO slots (slot_id, start_time, end_time, service_type, location, status)\n' +
    '                                VALUES ($1, $2, $3, $4, $5, $6)\n' +
    '                            ',
  duration: 295,
  rows: 1
}
[DEBUG] 2025-11-28T06:55:25.266Z - Executed query {
  text: '\n' +
    '                                INSERT INTO slots (slot_id, start_time, end_time, service_type, location, status)\n' +
    '                                VALUES ($1, $2, $3, $4, $5, $6)\n' +
    '                            ',
  duration: 297,
  rows: 1
}
[DEBUG] 2025-11-28T06:55:25.563Z - Executed query {
  text: '\n' +
    '                                INSERT INTO slots (slot_id, start_time, end_time, service_type, location, status)\n' +
    '                                VALUES ($1, $2, $3, $4, $5, $6)\n' +
    '                            ',
  duration: 297,
  rows: 1
}
[DEBUG] 2025-11-28T06:55:25.858Z - Executed query {
  text: '\n' +
    '                                INSERT INTO slots (slot_id, start_time, end_time, service_type, location, status)\n' +
    '                                VALUES ($1, $2, $3, $4, $5, $6)\n' +
    '                            ',
  duration: 294,
  rows: 1
}
[DEBUG] 2025-11-28T06:55:26.158Z - Executed query {
  text: '\n' +
    '                                INSERT INTO slots (slot_id, start_time, end_time, service_type, location, status)\n' +
    '                                VALUES ($1, $2, $3, $4, $5, $6)\n' +
    '                            ',
  duration: 299,
  rows: 1
}
[DEBUG] 2025-11-28T06:55:26.453Z - Executed query {
  text: '\n' +
    '                                INSERT INTO slots (slot_id, start_time, end_time, service_type, location, status)\n' +
    '                                VALUES ($1, $2, $3, $4, $5, $6)\n' +
    '                            ',
  duration: 295,
  rows: 1
}
[DEBUG] 2025-11-28T06:55:26.747Z - Executed query {
  text: '\n' +
    '                                INSERT INTO slots (slot_id, start_time, end_time, service_type, location, status)\n' +
    '                                VALUES ($1, $2, $3, $4, $5, $6)\n' +
    '                            ',
  duration: 294,
  rows: 1
}
[DEBUG] 2025-11-28T06:55:27.046Z - Executed query {
  text: '\n' +
    '                                INSERT INTO slots (slot_id, start_time, end_time, service_type, location, status)\n' +
    '                                VALUES ($1, $2, $3, $4, $5, $6)\n' +
    '                            ',
  duration: 299,
  rows: 1
}
[DEBUG] 2025-11-28T06:55:27.340Z - Executed query {
  text: '\n' +
    '                                INSERT INTO slots (slot_id, start_time, end_time, service_type, location, status)\n' +
    '                                VALUES ($1, $2, $3, $4, $5, $6)\n' +
    '                            ',
  duration: 293,
  rows: 1
}
[DEBUG] 2025-11-28T06:55:27.651Z - Executed query {
  text: '\n' +
    '                                INSERT INTO slots (slot_id, start_time, end_time, service_type, location, status)\n' +
    '                                VALUES ($1, $2, $3, $4, $5, $6)\n' +
    '                            ',
  duration: 311,
  rows: 1
}
[DEBUG] 2025-11-28T06:55:27.947Z - Executed query {
  text: '\n' +
    '                                INSERT INTO slots (slot_id, start_time, end_time, service_type, location, status)\n' +
    '                                VALUES ($1, $2, $3, $4, $5, $6)\n' +
    '                            ',
  duration: 296,
  rows: 1
}
[DEBUG] 2025-11-28T06:55:28.245Z - Executed query {
  text: '\n' +
    '                                INSERT INTO slots (slot_id, start_time, end_time, service_type, location, status)\n' +
    '                                VALUES ($1, $2, $3, $4, $5, $6)\n' +
    '                            ',
  duration: 298,
  rows: 1
}
[DEBUG] 2025-11-28T06:55:28.561Z - Executed query {
  text: '\n' +
    '                                INSERT INTO slots (slot_id, start_time, end_time, service_type, location, status)\n' +
    '                                VALUES ($1, $2, $3, $4, $5, $6)\n' +
    '                            ',
  duration: 316,
  rows: 1
}
[DEBUG] 2025-11-28T06:55:28.855Z - Executed query {
  text: '\n' +
    '                                INSERT INTO slots (slot_id, start_time, end_time, service_type, location, status)\n' +
    '                                VALUES ($1, $2, $3, $4, $5, $6)\n' +
    '                            ',
  duration: 294,
  rows: 1
}
[DEBUG] 2025-11-28T06:55:29.159Z - Executed query {
  text: '\n' +
    '                                INSERT INTO slots (slot_id, start_time, end_time, service_type, location, status)\n' +
    '                                VALUES ($1, $2, $3, $4, $5, $6)\n' +
    '                            ',
  duration: 304,
  rows: 1
}
[DEBUG] 2025-11-28T06:55:29.464Z - Executed query {
  text: '\n' +
    '                                INSERT INTO slots (slot_id, start_time, end_time, service_type, location, status)\n' +
    '                                VALUES ($1, $2, $3, $4, $5, $6)\n' +
    '                            ',
  duration: 304,
  rows: 1
}
[DEBUG] 2025-11-28T06:55:29.769Z - Executed query {
  text: '\n' +
    '                                INSERT INTO slots (slot_id, start_time, end_time, service_type, location, status)\n' +
    '                                VALUES ($1, $2, $3, $4, $5, $6)\n' +
    '                            ',
  duration: 305,
  rows: 1
}
[DEBUG] 2025-11-28T06:55:30.063Z - Executed query {
  text: '\n' +
    '                                INSERT INTO slots (slot_id, start_time, end_time, service_type, location, status)\n' +
    '                                VALUES ($1, $2, $3, $4, $5, $6)\n' +
    '                            ',
  duration: 294,
  rows: 1
}
[DEBUG] 2025-11-28T06:55:30.369Z - Executed query {
  text: '\n' +
    '                                INSERT INTO slots (slot_id, start_time, end_time, service_type, location, status)\n' +
    '                                VALUES ($1, $2, $3, $4, $5, $6)\n' +
    '                            ',
  duration: 305,
  rows: 1
}
[DEBUG] 2025-11-28T06:55:30.664Z - Executed query {
  text: '\n' +
    '                                INSERT INTO slots (slot_id, start_time, end_time, service_type, location, status)\n' +
    '                                VALUES ($1, $2, $3, $4, $5, $6)\n' +
    '                            ',
  duration: 294,
  rows: 1
}
[DEBUG] 2025-11-28T06:55:30.964Z - Executed query {
  text: '\n' +
    '                            INSERT INTO slots (slot_id, start_time, end_time, service_type, location, status)\n' +
    '                            VALUES ($1, $2, $3, $4, $5, $6)\n' +
    '                        ',
  duration: 299,
  rows: 1
}
[DEBUG] 2025-11-28T06:55:31.264Z - Executed query {
  text: '\n' +
    '                            INSERT INTO slots (slot_id, start_time, end_time, service_type, location, status)\n' +
    '                            VALUES ($1, $2, $3, $4, $5, $6)\n' +
    '                        ',
  duration: 300,
  rows: 1
}
[DEBUG] 2025-11-28T06:55:31.573Z - Executed query {
  text: '\n' +
    '                            INSERT INTO slots (slot_id, start_time, end_time, service_type, location, status)\n' +
    '                            VALUES ($1, $2, $3, $4, $5, $6)\n' +
    '                        ',
  duration: 309,
  rows: 1
}
[DEBUG] 2025-11-28T06:55:31.867Z - Executed query {
  text: '\n' +
    '                            INSERT INTO slots (slot_id, start_time, end_time, service_type, location, status)\n' +
    '                            VALUES ($1, $2, $3, $4, $5, $6)\n' +
    '                        ',
  duration: 294,
  rows: 1
}
[DEBUG] 2025-11-28T06:55:32.165Z - Executed query {
  text: '\n' +
    '                            INSERT INTO slots (slot_id, start_time, end_time, service_type, location, status)\n' +
    '                            VALUES ($1, $2, $3, $4, $5, $6)\n' +
    '                        ',
  duration: 298,
  rows: 1
}
[DEBUG] 2025-11-28T06:55:32.464Z - Executed query {
  text: '\n' +
    '                            INSERT INTO slots (slot_id, start_time, end_time, service_type, location, status)\n' +
    '                            VALUES ($1, $2, $3, $4, $5, $6)\n' +
    '                        ',
  duration: 299,
  rows: 1
}
[DEBUG] 2025-11-28T06:55:32.772Z - Executed query {
  text: '\n' +
    '                            INSERT INTO slots (slot_id, start_time, end_time, service_type, location, status)\n' +
    '                            VALUES ($1, $2, $3, $4, $5, $6)\n' +
    '                        ',
  duration: 307,
  rows: 1
}
[DEBUG] 2025-11-28T06:55:33.091Z - Executed query {
  text: '\n' +
    '                            INSERT INTO slots (slot_id, start_time, end_time, service_type, location, status)\n' +
    '                            VALUES ($1, $2, $3, $4, $5, $6)\n' +
    '                        ',
  duration: 319,
  rows: 1
}
[DEBUG] 2025-11-28T06:55:33.392Z - Executed query {
  text: '\n' +
    '                            INSERT INTO slots (slot_id, start_time, end_time, service_type, location, status)\n' +
    '                            VALUES ($1, $2, $3, $4, $5, $6)\n' +
    '                        ',
  duration: 300,
  rows: 1
}
[DEBUG] 2025-11-28T06:55:33.685Z - Executed query {
  text: '\n' +
    '                                INSERT INTO slots (slot_id, start_time, end_time, service_type, location, status)\n' +
    '                                VALUES ($1, $2, $3, $4, $5, $6)\n' +
    '                            ',
  duration: 293,
  rows: 1
}
[DEBUG] 2025-11-28T06:55:33.979Z - Executed query {
  text: '\n' +
    '                                INSERT INTO slots (slot_id, start_time, end_time, service_type, location, status)\n' +
    '                                VALUES ($1, $2, $3, $4, $5, $6)\n' +
    '                            ',
  duration: 293,
  rows: 1
}
[DEBUG] 2025-11-28T06:55:34.280Z - Executed query {
  text: '\n' +
    '                                INSERT INTO slots (slot_id, start_time, end_time, service_type, location, status)\n' +
    '                                VALUES ($1, $2, $3, $4, $5, $6)\n' +
    '                            ',
  duration: 301,
  rows: 1
}
[DEBUG] 2025-11-28T06:55:34.576Z - Executed query {
  text: '\n' +
    '                                INSERT INTO slots (slot_id, start_time, end_time, service_type, location, status)\n' +
    '                                VALUES ($1, $2, $3, $4, $5, $6)\n' +
    '                            ',
  duration: 296,
  rows: 1
}
[DEBUG] 2025-11-28T06:55:34.875Z - Executed query {
  text: '\n' +
    '                                INSERT INTO slots (slot_id, start_time, end_time, service_type, location, status)\n' +
    '                                VALUES ($1, $2, $3, $4, $5, $6)\n' +
    '                            ',
  duration: 299,
  rows: 1
}
[DEBUG] 2025-11-28T06:55:35.172Z - Executed query {
  text: '\n' +
    '                                INSERT INTO slots (slot_id, start_time, end_time, service_type, location, status)\n' +
    '                                VALUES ($1, $2, $3, $4, $5, $6)\n' +
    '                            ',
  duration: 296,
  rows: 1
}
[DEBUG] 2025-11-28T06:55:35.474Z - Executed query {
  text: '\n' +
    '                                INSERT INTO slots (slot_id, start_time, end_time, service_type, location, status)\n' +
    '                                VALUES ($1, $2, $3, $4, $5, $6)\n' +
    '                            ',
  duration: 302,
  rows: 1
}
[DEBUG] 2025-11-28T06:55:35.771Z - Executed query {
  text: '\n' +
    '                                INSERT INTO slots (slot_id, start_time, end_time, service_type, location, status)\n' +
    '                                VALUES ($1, $2, $3, $4, $5, $6)\n' +
    '                            ',
  duration: 296,
  rows: 1
}
[DEBUG] 2025-11-28T06:55:36.066Z - Executed query {
  text: '\n' +
    '                                INSERT INTO slots (slot_id, start_time, end_time, service_type, location, status)\n' +
    '                                VALUES ($1, $2, $3, $4, $5, $6)\n' +
    '                            ',
  duration: 295,
  rows: 1
}
[DEBUG] 2025-11-28T06:55:36.373Z - Executed query {
  text: '\n' +
    '                                INSERT INTO slots (slot_id, start_time, end_time, service_type, location, status)\n' +
    '                                VALUES ($1, $2, $3, $4, $5, $6)\n' +
    '                            ',
  duration: 306,
  rows: 1
}
[DEBUG] 2025-11-28T06:55:36.674Z - Executed query {
  text: '\n' +
    '                                INSERT INTO slots (slot_id, start_time, end_time, service_type, location, status)\n' +
    '                                VALUES ($1, $2, $3, $4, $5, $6)\n' +
    '                            ',
  duration: 301,
  rows: 1
}
[DEBUG] 2025-11-28T06:55:36.974Z - Executed query {
  text: '\n' +
    '                                INSERT INTO slots (slot_id, start_time, end_time, service_type, location, status)\n' +
    '                                VALUES ($1, $2, $3, $4, $5, $6)\n' +
    '                            ',
  duration: 300,
  rows: 1
}
[DEBUG] 2025-11-28T06:55:37.274Z - Executed query {
  text: '\n' +
    '                                INSERT INTO slots (slot_id, start_time, end_time, service_type, location, status)\n' +
    '                                VALUES ($1, $2, $3, $4, $5, $6)\n' +
    '                            ',
  duration: 299,
  rows: 1
}
[DEBUG] 2025-11-28T06:55:37.570Z - Executed query {
  text: '\n' +
    '                                INSERT INTO slots (slot_id, start_time, end_time, service_type, location, status)\n' +
    '                                VALUES ($1, $2, $3, $4, $5, $6)\n' +
    '                            ',
  duration: 296,
  rows: 1
}
[DEBUG] 2025-11-28T06:55:37.870Z - Executed query {
  text: '\n' +
    '                                INSERT INTO slots (slot_id, start_time, end_time, service_type, location, status)\n' +
    '                                VALUES ($1, $2, $3, $4, $5, $6)\n' +
    '                            ',
  duration: 299,
  rows: 1
}
[DEBUG] 2025-11-28T06:55:38.165Z - Executed query {
  text: '\n' +
    '                                INSERT INTO slots (slot_id, start_time, end_time, service_type, location, status)\n' +
    '                                VALUES ($1, $2, $3, $4, $5, $6)\n' +
    '                            ',
  duration: 294,
  rows: 1
}
[DEBUG] 2025-11-28T06:55:38.462Z - Executed query {
  text: '\n' +
    '                                INSERT INTO slots (slot_id, start_time, end_time, service_type, location, status)\n' +
    '                                VALUES ($1, $2, $3, $4, $5, $6)\n' +
    '                            ',
  duration: 297,
  rows: 1
}
[DEBUG] 2025-11-28T06:55:38.758Z - Executed query {
  text: '\n' +
    '                                INSERT INTO slots (slot_id, start_time, end_time, service_type, location, status)\n' +
    '                                VALUES ($1, $2, $3, $4, $5, $6)\n' +
    '                            ',
  duration: 296,
  rows: 1
}
[DEBUG] 2025-11-28T06:55:39.052Z - Executed query {
  text: '\n' +
    '                                INSERT INTO slots (slot_id, start_time, end_time, service_type, location, status)\n' +
    '                                VALUES ($1, $2, $3, $4, $5, $6)\n' +
    '                            ',
  duration: 293,
  rows: 1
}
[DEBUG] 2025-11-28T06:55:39.353Z - Executed query {
  text: '\n' +
    '                                INSERT INTO slots (slot_id, start_time, end_time, service_type, location, status)\n' +
    '                                VALUES ($1, $2, $3, $4, $5, $6)\n' +
    '                            ',
  duration: 301,
  rows: 1
}
[DEBUG] 2025-11-28T06:55:39.665Z - Executed query {
  text: '\n' +
    '                                INSERT INTO slots (slot_id, start_time, end_time, service_type, location, status)\n' +
    '                                VALUES ($1, $2, $3, $4, $5, $6)\n' +
    '                            ',
  duration: 312,
  rows: 1
}
[DEBUG] 2025-11-28T06:55:39.973Z - Executed query {
  text: '\n' +
    '                                INSERT INTO slots (slot_id, start_time, end_time, service_type, location, status)\n' +
    '                                VALUES ($1, $2, $3, $4, $5, $6)\n' +
    '                            ',
  duration: 308,
  rows: 1
}
[DEBUG] 2025-11-28T06:55:40.277Z - Executed query {
  text: '\n' +
    '                                INSERT INTO slots (slot_id, start_time, end_time, service_type, location, status)\n' +
    '                                VALUES ($1, $2, $3, $4, $5, $6)\n' +
    '                            ',
  duration: 304,
  rows: 1
}
[DEBUG] 2025-11-28T06:55:40.572Z - Executed query {
  text: '\n' +
    '                                INSERT INTO slots (slot_id, start_time, end_time, service_type, location, status)\n' +
    '                                VALUES ($1, $2, $3, $4, $5, $6)\n' +
    '                            ',
  duration: 295,
  rows: 1
}
  Created 99 slots for 2025-12-03
Creating slots for 2025-12-04:
[DEBUG] 2025-11-28T06:55:40.866Z - Executed query {
  text: '\n' +
    '                            INSERT INTO slots (slot_id, start_time, end_time, service_type, location, status)\n' +
    '                            VALUES ($1, $2, $3, $4, $5, $6)\n' +
    '                        ',
  duration: 294,
  rows: 1
}
[DEBUG] 2025-11-28T06:55:41.160Z - Executed query {
  text: '\n' +
    '                            INSERT INTO slots (slot_id, start_time, end_time, service_type, location, status)\n' +
    '                            VALUES ($1, $2, $3, $4, $5, $6)\n' +
    '                        ',
  duration: 294,
  rows: 1
}
[DEBUG] 2025-11-28T06:55:41.454Z - Executed query {
  text: '\n' +
    '                            INSERT INTO slots (slot_id, start_time, end_time, service_type, location, status)\n' +
    '                            VALUES ($1, $2, $3, $4, $5, $6)\n' +
    '                        ',
  duration: 294,
  rows: 1
}
[DEBUG] 2025-11-28T06:55:41.751Z - Executed query {
  text: '\n' +
    '                            INSERT INTO slots (slot_id, start_time, end_time, service_type, location, status)\n' +
    '                            VALUES ($1, $2, $3, $4, $5, $6)\n' +
    '                        ',
  duration: 297,
  rows: 1
}
[DEBUG] 2025-11-28T06:55:42.047Z - Executed query {
  text: '\n' +
    '                            INSERT INTO slots (slot_id, start_time, end_time, service_type, location, status)\n' +
    '                            VALUES ($1, $2, $3, $4, $5, $6)\n' +
    '                        ',
  duration: 296,
  rows: 1
}
[DEBUG] 2025-11-28T06:55:42.344Z - Executed query {
  text: '\n' +
    '                            INSERT INTO slots (slot_id, start_time, end_time, service_type, location, status)\n' +
    '                            VALUES ($1, $2, $3, $4, $5, $6)\n' +
    '                        ',
  duration: 297,
  rows: 1
}
[DEBUG] 2025-11-28T06:55:42.644Z - Executed query {
  text: '\n' +
    '                            INSERT INTO slots (slot_id, start_time, end_time, service_type, location, status)\n' +
    '                            VALUES ($1, $2, $3, $4, $5, $6)\n' +
    '                        ',
  duration: 300,
  rows: 1
}
[DEBUG] 2025-11-28T06:55:42.944Z - Executed query {
  text: '\n' +
    '                            INSERT INTO slots (slot_id, start_time, end_time, service_type, location, status)\n' +
    '                            VALUES ($1, $2, $3, $4, $5, $6)\n' +
    '                        ',
  duration: 300,
  rows: 1
}
[DEBUG] 2025-11-28T06:55:43.244Z - Executed query {
  text: '\n' +
    '                            INSERT INTO slots (slot_id, start_time, end_time, service_type, location, status)\n' +
    '                            VALUES ($1, $2, $3, $4, $5, $6)\n' +
    '                        ',
  duration: 299,
  rows: 1
}
[DEBUG] 2025-11-28T06:55:43.560Z - Executed query {
  text: '\n' +
    '                                INSERT INTO slots (slot_id, start_time, end_time, service_type, location, status)\n' +
    '                                VALUES ($1, $2, $3, $4, $5, $6)\n' +
    '                            ',
  duration: 316,
  rows: 1
}
[DEBUG] 2025-11-28T06:55:43.876Z - Executed query {
  text: '\n' +
    '                                INSERT INTO slots (slot_id, start_time, end_time, service_type, location, status)\n' +
    '                                VALUES ($1, $2, $3, $4, $5, $6)\n' +
    '                            ',
  duration: 316,
  rows: 1
}
[DEBUG] 2025-11-28T06:55:44.172Z - Executed query {
  text: '\n' +
    '                                INSERT INTO slots (slot_id, start_time, end_time, service_type, location, status)\n' +
    '                                VALUES ($1, $2, $3, $4, $5, $6)\n' +
    '                            ',
  duration: 295,
  rows: 1
}
[DEBUG] 2025-11-28T06:55:44.475Z - Executed query {
  text: '\n' +
    '                                INSERT INTO slots (slot_id, start_time, end_time, service_type, location, status)\n' +
    '                                VALUES ($1, $2, $3, $4, $5, $6)\n' +
    '                            ',
  duration: 300,
  rows: 1
}
[DEBUG] 2025-11-28T06:55:44.781Z - Executed query {
  text: '\n' +
    '                                INSERT INTO slots (slot_id, start_time, end_time, service_type, location, status)\n' +
    '                                VALUES ($1, $2, $3, $4, $5, $6)\n' +
    '                            ',
  duration: 305,
  rows: 1
}
[DEBUG] 2025-11-28T06:55:45.077Z - Executed query {
  text: '\n' +
    '                                INSERT INTO slots (slot_id, start_time, end_time, service_type, location, status)\n' +
    '                                VALUES ($1, $2, $3, $4, $5, $6)\n' +
    '                            ',
  duration: 296,
  rows: 1
}
[DEBUG] 2025-11-28T06:55:45.384Z - Executed query {
  text: '\n' +
    '                                INSERT INTO slots (slot_id, start_time, end_time, service_type, location, status)\n' +
    '                                VALUES ($1, $2, $3, $4, $5, $6)\n' +
    '                            ',
  duration: 307,
  rows: 1
}
[DEBUG] 2025-11-28T06:55:45.679Z - Executed query {
  text: '\n' +
    '                                INSERT INTO slots (slot_id, start_time, end_time, service_type, location, status)\n' +
    '                                VALUES ($1, $2, $3, $4, $5, $6)\n' +
    '                            ',
  duration: 295,
  rows: 1
}
[DEBUG] 2025-11-28T06:55:45.998Z - Executed query {
  text: '\n' +
    '                                INSERT INTO slots (slot_id, start_time, end_time, service_type, location, status)\n' +
    '                                VALUES ($1, $2, $3, $4, $5, $6)\n' +
    '                            ',
  duration: 318,
  rows: 1
}
[DEBUG] 2025-11-28T06:55:46.296Z - Executed query {
  text: '\n' +
    '                                INSERT INTO slots (slot_id, start_time, end_time, service_type, location, status)\n' +
    '                                VALUES ($1, $2, $3, $4, $5, $6)\n' +
    '                            ',
  duration: 298,
  rows: 1
}
[DEBUG] 2025-11-28T06:55:46.592Z - Executed query {
  text: '\n' +
    '                                INSERT INTO slots (slot_id, start_time, end_time, service_type, location, status)\n' +
    '                                VALUES ($1, $2, $3, $4, $5, $6)\n' +
    '                            ',
  duration: 296,
  rows: 1
}
[DEBUG] 2025-11-28T06:55:46.889Z - Executed query {
  text: '\n' +
    '                                INSERT INTO slots (slot_id, start_time, end_time, service_type, location, status)\n' +
    '                                VALUES ($1, $2, $3, $4, $5, $6)\n' +
    '                            ',
  duration: 297,
  rows: 1
}
[DEBUG] 2025-11-28T06:55:47.189Z - Executed query {
  text: '\n' +
    '                                INSERT INTO slots (slot_id, start_time, end_time, service_type, location, status)\n' +
    '                                VALUES ($1, $2, $3, $4, $5, $6)\n' +
    '                            ',
  duration: 299,
  rows: 1
}
[DEBUG] 2025-11-28T06:55:47.485Z - Executed query {
  text: '\n' +
    '                                INSERT INTO slots (slot_id, start_time, end_time, service_type, location, status)\n' +
    '                                VALUES ($1, $2, $3, $4, $5, $6)\n' +
    '                            ',
  duration: 296,
  rows: 1
}
[DEBUG] 2025-11-28T06:55:47.783Z - Executed query {
  text: '\n' +
    '                                INSERT INTO slots (slot_id, start_time, end_time, service_type, location, status)\n' +
    '                                VALUES ($1, $2, $3, $4, $5, $6)\n' +
    '                            ',
  duration: 298,
  rows: 1
}
[DEBUG] 2025-11-28T06:55:48.088Z - Executed query {
  text: '\n' +
    '                                INSERT INTO slots (slot_id, start_time, end_time, service_type, location, status)\n' +
    '                                VALUES ($1, $2, $3, $4, $5, $6)\n' +
    '                            ',
  duration: 305,
  rows: 1
}
[DEBUG] 2025-11-28T06:55:48.389Z - Executed query {
  text: '\n' +
    '                                INSERT INTO slots (slot_id, start_time, end_time, service_type, location, status)\n' +
    '                                VALUES ($1, $2, $3, $4, $5, $6)\n' +
    '                            ',
  duration: 301,
  rows: 1
}
[DEBUG] 2025-11-28T06:55:48.689Z - Executed query {
  text: '\n' +
    '                                INSERT INTO slots (slot_id, start_time, end_time, service_type, location, status)\n' +
    '                                VALUES ($1, $2, $3, $4, $5, $6)\n' +
    '                            ',
  duration: 298,
  rows: 1
}
[DEBUG] 2025-11-28T06:55:48.986Z - Executed query {
  text: '\n' +
    '                                INSERT INTO slots (slot_id, start_time, end_time, service_type, location, status)\n' +
    '                                VALUES ($1, $2, $3, $4, $5, $6)\n' +
    '                            ',
  duration: 297,
  rows: 1
}
[DEBUG] 2025-11-28T06:55:49.285Z - Executed query {
  text: '\n' +
    '                                INSERT INTO slots (slot_id, start_time, end_time, service_type, location, status)\n' +
    '                                VALUES ($1, $2, $3, $4, $5, $6)\n' +
    '                            ',
  duration: 299,
  rows: 1
}
[DEBUG] 2025-11-28T06:55:49.589Z - Executed query {
  text: '\n' +
    '                                INSERT INTO slots (slot_id, start_time, end_time, service_type, location, status)\n' +
    '                                VALUES ($1, $2, $3, $4, $5, $6)\n' +
    '                            ',
  duration: 304,
  rows: 1
}
[DEBUG] 2025-11-28T06:55:49.904Z - Executed query {
  text: '\n' +
    '                                INSERT INTO slots (slot_id, start_time, end_time, service_type, location, status)\n' +
    '                                VALUES ($1, $2, $3, $4, $5, $6)\n' +
    '                            ',
  duration: 315,
  rows: 1
}
[DEBUG] 2025-11-28T06:55:50.203Z - Executed query {
  text: '\n' +
    '                                INSERT INTO slots (slot_id, start_time, end_time, service_type, location, status)\n' +
    '                                VALUES ($1, $2, $3, $4, $5, $6)\n' +
    '                            ',
  duration: 299,
  rows: 1
}
[DEBUG] 2025-11-28T06:55:50.499Z - Executed query {
  text: '\n' +
    '                                INSERT INTO slots (slot_id, start_time, end_time, service_type, location, status)\n' +
    '                                VALUES ($1, $2, $3, $4, $5, $6)\n' +
    '                            ',
  duration: 295,
  rows: 1
}
[DEBUG] 2025-11-28T06:55:50.796Z - Executed query {
  text: '\n' +
    '                            INSERT INTO slots (slot_id, start_time, end_time, service_type, location, status)\n' +
    '                            VALUES ($1, $2, $3, $4, $5, $6)\n' +
    '                        ',
  duration: 296,
  rows: 1
}
[DEBUG] 2025-11-28T06:55:51.101Z - Executed query {
  text: '\n' +
    '                            INSERT INTO slots (slot_id, start_time, end_time, service_type, location, status)\n' +
    '                            VALUES ($1, $2, $3, $4, $5, $6)\n' +
    '                        ',
  duration: 305,
  rows: 1
}
[DEBUG] 2025-11-28T06:55:51.400Z - Executed query {
  text: '\n' +
    '                            INSERT INTO slots (slot_id, start_time, end_time, service_type, location, status)\n' +
    '                            VALUES ($1, $2, $3, $4, $5, $6)\n' +
    '                        ',
  duration: 299,
  rows: 1
}
[DEBUG] 2025-11-28T06:55:51.694Z - Executed query {
  text: '\n' +
    '                            INSERT INTO slots (slot_id, start_time, end_time, service_type, location, status)\n' +
    '                            VALUES ($1, $2, $3, $4, $5, $6)\n' +
    '                        ',
  duration: 294,
  rows: 1
}
[DEBUG] 2025-11-28T06:55:52.002Z - Executed query {
  text: '\n' +
    '                            INSERT INTO slots (slot_id, start_time, end_time, service_type, location, status)\n' +
    '                            VALUES ($1, $2, $3, $4, $5, $6)\n' +
    '                        ',
  duration: 307,
  rows: 1
}
[DEBUG] 2025-11-28T06:55:52.298Z - Executed query {
  text: '\n' +
    '                            INSERT INTO slots (slot_id, start_time, end_time, service_type, location, status)\n' +
    '                            VALUES ($1, $2, $3, $4, $5, $6)\n' +
    '                        ',
  duration: 296,
  rows: 1
}
[DEBUG] 2025-11-28T06:55:52.594Z - Executed query {
  text: '\n' +
    '                            INSERT INTO slots (slot_id, start_time, end_time, service_type, location, status)\n' +
    '                            VALUES ($1, $2, $3, $4, $5, $6)\n' +
    '                        ',
  duration: 296,
  rows: 1
}
[DEBUG] 2025-11-28T06:55:52.892Z - Executed query {
  text: '\n' +
    '                            INSERT INTO slots (slot_id, start_time, end_time, service_type, location, status)\n' +
    '                            VALUES ($1, $2, $3, $4, $5, $6)\n' +
    '                        ',
  duration: 298,
  rows: 1
}
[DEBUG] 2025-11-28T06:55:53.207Z - Executed query {
  text: '\n' +
    '                            INSERT INTO slots (slot_id, start_time, end_time, service_type, location, status)\n' +
    '                            VALUES ($1, $2, $3, $4, $5, $6)\n' +
    '                        ',
  duration: 314,
  rows: 1
}
[DEBUG] 2025-11-28T06:55:53.506Z - Executed query {
  text: '\n' +
    '                                INSERT INTO slots (slot_id, start_time, end_time, service_type, location, status)\n' +
    '                                VALUES ($1, $2, $3, $4, $5, $6)\n' +
    '                            ',
  duration: 298,
  rows: 1
}
[DEBUG] 2025-11-28T06:55:53.835Z - Executed query {
  text: '\n' +
    '                                INSERT INTO slots (slot_id, start_time, end_time, service_type, location, status)\n' +
    '                                VALUES ($1, $2, $3, $4, $5, $6)\n' +
    '                            ',
  duration: 329,
  rows: 1
}
[DEBUG] 2025-11-28T06:55:54.134Z - Executed query {
  text: '\n' +
    '                                INSERT INTO slots (slot_id, start_time, end_time, service_type, location, status)\n' +
    '                                VALUES ($1, $2, $3, $4, $5, $6)\n' +
    '                            ',
  duration: 299,
  rows: 1
}
[DEBUG] 2025-11-28T06:55:54.434Z - Executed query {
  text: '\n' +
    '                                INSERT INTO slots (slot_id, start_time, end_time, service_type, location, status)\n' +
    '                                VALUES ($1, $2, $3, $4, $5, $6)\n' +
    '                            ',
  duration: 300,
  rows: 1
}
[DEBUG] 2025-11-28T06:55:54.731Z - Executed query {
  text: '\n' +
    '                                INSERT INTO slots (slot_id, start_time, end_time, service_type, location, status)\n' +
    '                                VALUES ($1, $2, $3, $4, $5, $6)\n' +
    '                            ',
  duration: 296,
  rows: 1
}
[DEBUG] 2025-11-28T06:55:55.032Z - Executed query {
  text: '\n' +
    '                                INSERT INTO slots (slot_id, start_time, end_time, service_type, location, status)\n' +
    '                                VALUES ($1, $2, $3, $4, $5, $6)\n' +
    '                            ',
  duration: 300,
  rows: 1
}
[DEBUG] 2025-11-28T06:55:55.346Z - Executed query {
  text: '\n' +
    '                                INSERT INTO slots (slot_id, start_time, end_time, service_type, location, status)\n' +
    '                                VALUES ($1, $2, $3, $4, $5, $6)\n' +
    '                            ',
  duration: 313,
  rows: 1
}
[DEBUG] 2025-11-28T06:55:55.641Z - Executed query {
  text: '\n' +
    '                                INSERT INTO slots (slot_id, start_time, end_time, service_type, location, status)\n' +
    '                                VALUES ($1, $2, $3, $4, $5, $6)\n' +
    '                            ',
  duration: 295,
  rows: 1
}
[DEBUG] 2025-11-28T06:55:55.935Z - Executed query {
  text: '\n' +
    '                                INSERT INTO slots (slot_id, start_time, end_time, service_type, location, status)\n' +
    '                                VALUES ($1, $2, $3, $4, $5, $6)\n' +
    '                            ',
  duration: 294,
  rows: 1
}
[DEBUG] 2025-11-28T06:55:56.233Z - Executed query {
  text: '\n' +
    '                                INSERT INTO slots (slot_id, start_time, end_time, service_type, location, status)\n' +
    '                                VALUES ($1, $2, $3, $4, $5, $6)\n' +
    '                            ',
  duration: 298,
  rows: 1
}
[DEBUG] 2025-11-28T06:55:56.537Z - Executed query {
  text: '\n' +
    '                                INSERT INTO slots (slot_id, start_time, end_time, service_type, location, status)\n' +
    '                                VALUES ($1, $2, $3, $4, $5, $6)\n' +
    '                            ',
  duration: 303,
  rows: 1
}
[DEBUG] 2025-11-28T06:55:56.844Z - Executed query {
  text: '\n' +
    '                                INSERT INTO slots (slot_id, start_time, end_time, service_type, location, status)\n' +
    '                                VALUES ($1, $2, $3, $4, $5, $6)\n' +
    '                            ',
  duration: 306,
  rows: 1
}
[DEBUG] 2025-11-28T06:55:57.154Z - Executed query {
  text: '\n' +
    '                                INSERT INTO slots (slot_id, start_time, end_time, service_type, location, status)\n' +
    '                                VALUES ($1, $2, $3, $4, $5, $6)\n' +
    '                            ',
  duration: 310,
  rows: 1
}
[DEBUG] 2025-11-28T06:55:57.454Z - Executed query {
  text: '\n' +
    '                                INSERT INTO slots (slot_id, start_time, end_time, service_type, location, status)\n' +
    '                                VALUES ($1, $2, $3, $4, $5, $6)\n' +
    '                            ',
  duration: 300,
  rows: 1
}
[DEBUG] 2025-11-28T06:55:57.754Z - Executed query {
  text: '\n' +
    '                                INSERT INTO slots (slot_id, start_time, end_time, service_type, location, status)\n' +
    '                                VALUES ($1, $2, $3, $4, $5, $6)\n' +
    '                            ',
  duration: 300,
  rows: 1
}
[DEBUG] 2025-11-28T06:55:58.049Z - Executed query {
  text: '\n' +
    '                                INSERT INTO slots (slot_id, start_time, end_time, service_type, location, status)\n' +
    '                                VALUES ($1, $2, $3, $4, $5, $6)\n' +
    '                            ',
  duration: 295,
  rows: 1
}
[DEBUG] 2025-11-28T06:55:58.344Z - Executed query {
  text: '\n' +
    '                                INSERT INTO slots (slot_id, start_time, end_time, service_type, location, status)\n' +
    '                                VALUES ($1, $2, $3, $4, $5, $6)\n' +
    '                            ',
  duration: 295,
  rows: 1
}
[DEBUG] 2025-11-28T06:55:58.671Z - Executed query {
  text: '\n' +
    '                                INSERT INTO slots (slot_id, start_time, end_time, service_type, location, status)\n' +
    '                                VALUES ($1, $2, $3, $4, $5, $6)\n' +
    '                            ',
  duration: 327,
  rows: 1
}
[DEBUG] 2025-11-28T06:55:58.967Z - Executed query {
  text: '\n' +
    '                                INSERT INTO slots (slot_id, start_time, end_time, service_type, location, status)\n' +
    '                                VALUES ($1, $2, $3, $4, $5, $6)\n' +
    '                            ',
  duration: 296,
  rows: 1
}
[DEBUG] 2025-11-28T06:55:59.265Z - Executed query {
  text: '\n' +
    '                                INSERT INTO slots (slot_id, start_time, end_time, service_type, location, status)\n' +
    '                                VALUES ($1, $2, $3, $4, $5, $6)\n' +
    '                            ',
  duration: 298,
  rows: 1
}
[DEBUG] 2025-11-28T06:55:59.560Z - Executed query {
  text: '\n' +
    '                                INSERT INTO slots (slot_id, start_time, end_time, service_type, location, status)\n' +
    '                                VALUES ($1, $2, $3, $4, $5, $6)\n' +
    '                            ',
  duration: 295,
  rows: 1
}
[DEBUG] 2025-11-28T06:55:59.860Z - Executed query {
  text: '\n' +
    '                                INSERT INTO slots (slot_id, start_time, end_time, service_type, location, status)\n' +
    '                                VALUES ($1, $2, $3, $4, $5, $6)\n' +
    '                            ',
  duration: 299,
  rows: 1
}
[DEBUG] 2025-11-28T06:56:00.163Z - Executed query {
  text: '\n' +
    '                                INSERT INTO slots (slot_id, start_time, end_time, service_type, location, status)\n' +
    '                                VALUES ($1, $2, $3, $4, $5, $6)\n' +
    '                            ',
  duration: 303,
  rows: 1
}
[DEBUG] 2025-11-28T06:56:00.483Z - Executed query {
  text: '\n' +
    '                                INSERT INTO slots (slot_id, start_time, end_time, service_type, location, status)\n' +
    '                                VALUES ($1, $2, $3, $4, $5, $6)\n' +
    '                            ',
  duration: 320,
  rows: 1
}
[DEBUG] 2025-11-28T06:56:00.778Z - Executed query {
  text: '\n' +
    '                            INSERT INTO slots (slot_id, start_time, end_time, service_type, location, status)\n' +
    '                            VALUES ($1, $2, $3, $4, $5, $6)\n' +
    '                        ',
  duration: 295,
  rows: 1
}
[DEBUG] 2025-11-28T06:56:01.085Z - Executed query {
  text: '\n' +
    '                            INSERT INTO slots (slot_id, start_time, end_time, service_type, location, status)\n' +
    '                            VALUES ($1, $2, $3, $4, $5, $6)\n' +
    '                        ',
  duration: 307,
  rows: 1
}
[DEBUG] 2025-11-28T06:56:01.383Z - Executed query {
  text: '\n' +
    '                            INSERT INTO slots (slot_id, start_time, end_time, service_type, location, status)\n' +
    '                            VALUES ($1, $2, $3, $4, $5, $6)\n' +
    '                        ',
  duration: 298,
  rows: 1
}
[DEBUG] 2025-11-28T06:56:01.679Z - Executed query {
  text: '\n' +
    '                            INSERT INTO slots (slot_id, start_time, end_time, service_type, location, status)\n' +
    '                            VALUES ($1, $2, $3, $4, $5, $6)\n' +
    '                        ',
  duration: 295,
  rows: 1
}
[DEBUG] 2025-11-28T06:56:01.973Z - Executed query {
  text: '\n' +
    '                            INSERT INTO slots (slot_id, start_time, end_time, service_type, location, status)\n' +
    '                            VALUES ($1, $2, $3, $4, $5, $6)\n' +
    '                        ',
  duration: 294,
  rows: 1
}
[DEBUG] 2025-11-28T06:56:02.275Z - Executed query {
  text: '\n' +
    '                            INSERT INTO slots (slot_id, start_time, end_time, service_type, location, status)\n' +
    '                            VALUES ($1, $2, $3, $4, $5, $6)\n' +
    '                        ',
  duration: 301,
  rows: 1
}
[DEBUG] 2025-11-28T06:56:02.581Z - Executed query {
  text: '\n' +
    '                            INSERT INTO slots (slot_id, start_time, end_time, service_type, location, status)\n' +
    '                            VALUES ($1, $2, $3, $4, $5, $6)\n' +
    '                        ',
  duration: 306,
  rows: 1
}
[DEBUG] 2025-11-28T06:56:02.875Z - Executed query {
  text: '\n' +
    '                            INSERT INTO slots (slot_id, start_time, end_time, service_type, location, status)\n' +
    '                            VALUES ($1, $2, $3, $4, $5, $6)\n' +
    '                        ',
  duration: 293,
  rows: 1
}
[DEBUG] 2025-11-28T06:56:03.184Z - Executed query {
  text: '\n' +
    '                            INSERT INTO slots (slot_id, start_time, end_time, service_type, location, status)\n' +
    '                            VALUES ($1, $2, $3, $4, $5, $6)\n' +
    '                        ',
  duration: 309,
  rows: 1
}
[DEBUG] 2025-11-28T06:56:03.496Z - Executed query {
  text: '\n' +
    '                                INSERT INTO slots (slot_id, start_time, end_time, service_type, location, status)\n' +
    '                                VALUES ($1, $2, $3, $4, $5, $6)\n' +
    '                            ',
  duration: 312,
  rows: 1
}
[DEBUG] 2025-11-28T06:56:03.802Z - Executed query {
  text: '\n' +
    '                                INSERT INTO slots (slot_id, start_time, end_time, service_type, location, status)\n' +
    '                                VALUES ($1, $2, $3, $4, $5, $6)\n' +
    '                            ',
  duration: 306,
  rows: 1
}
[DEBUG] 2025-11-28T06:56:04.101Z - Executed query {
  text: '\n' +
    '                                INSERT INTO slots (slot_id, start_time, end_time, service_type, location, status)\n' +
    '                                VALUES ($1, $2, $3, $4, $5, $6)\n' +
    '                            ',
  duration: 299,
  rows: 1
}
[DEBUG] 2025-11-28T06:56:04.398Z - Executed query {
  text: '\n' +
    '                                INSERT INTO slots (slot_id, start_time, end_time, service_type, location, status)\n' +
    '                                VALUES ($1, $2, $3, $4, $5, $6)\n' +
    '                            ',
  duration: 297,
  rows: 1
}
[DEBUG] 2025-11-28T06:56:04.694Z - Executed query {
  text: '\n' +
    '                                INSERT INTO slots (slot_id, start_time, end_time, service_type, location, status)\n' +
    '                                VALUES ($1, $2, $3, $4, $5, $6)\n' +
    '                            ',
  duration: 295,
  rows: 1
}
[DEBUG] 2025-11-28T06:56:04.989Z - Executed query {
  text: '\n' +
    '                                INSERT INTO slots (slot_id, start_time, end_time, service_type, location, status)\n' +
    '                                VALUES ($1, $2, $3, $4, $5, $6)\n' +
    '                            ',
  duration: 295,
  rows: 1
}
[DEBUG] 2025-11-28T06:56:05.286Z - Executed query {
  text: '\n' +
    '                                INSERT INTO slots (slot_id, start_time, end_time, service_type, location, status)\n' +
    '                                VALUES ($1, $2, $3, $4, $5, $6)\n' +
    '                            ',
  duration: 296,
  rows: 1
}
[DEBUG] 2025-11-28T06:56:05.579Z - Executed query {
  text: '\n' +
    '                                INSERT INTO slots (slot_id, start_time, end_time, service_type, location, status)\n' +
    '                                VALUES ($1, $2, $3, $4, $5, $6)\n' +
    '                            ',
  duration: 293,
  rows: 1
}
[DEBUG] 2025-11-28T06:56:05.966Z - Executed query {
  text: '\n' +
    '                                INSERT INTO slots (slot_id, start_time, end_time, service_type, location, status)\n' +
    '                                VALUES ($1, $2, $3, $4, $5, $6)\n' +
    '                            ',
  duration: 387,
  rows: 1
}
[DEBUG] 2025-11-28T06:56:06.274Z - Executed query {
  text: '\n' +
    '                                INSERT INTO slots (slot_id, start_time, end_time, service_type, location, status)\n' +
    '                                VALUES ($1, $2, $3, $4, $5, $6)\n' +
    '                            ',
  duration: 308,
  rows: 1
}
[DEBUG] 2025-11-28T06:56:06.569Z - Executed query {
  text: '\n' +
    '                                INSERT INTO slots (slot_id, start_time, end_time, service_type, location, status)\n' +
    '                                VALUES ($1, $2, $3, $4, $5, $6)\n' +
    '                            ',
  duration: 295,
  rows: 1
}
[DEBUG] 2025-11-28T06:56:06.863Z - Executed query {
  text: '\n' +
    '                                INSERT INTO slots (slot_id, start_time, end_time, service_type, location, status)\n' +
    '                                VALUES ($1, $2, $3, $4, $5, $6)\n' +
    '                            ',
  duration: 293,
  rows: 1
}
[DEBUG] 2025-11-28T06:56:07.163Z - Executed query {
  text: '\n' +
    '                                INSERT INTO slots (slot_id, start_time, end_time, service_type, location, status)\n' +
    '                                VALUES ($1, $2, $3, $4, $5, $6)\n' +
    '                            ',
  duration: 299,
  rows: 1
}
[DEBUG] 2025-11-28T06:56:07.458Z - Executed query {
  text: '\n' +
    '                                INSERT INTO slots (slot_id, start_time, end_time, service_type, location, status)\n' +
    '                                VALUES ($1, $2, $3, $4, $5, $6)\n' +
    '                            ',
  duration: 294,
  rows: 1
}
[DEBUG] 2025-11-28T06:56:07.764Z - Executed query {
  text: '\n' +
    '                                INSERT INTO slots (slot_id, start_time, end_time, service_type, location, status)\n' +
    '                                VALUES ($1, $2, $3, $4, $5, $6)\n' +
    '                            ',
  duration: 305,
  rows: 1
}
[DEBUG] 2025-11-28T06:56:08.072Z - Executed query {
  text: '\n' +
    '                                INSERT INTO slots (slot_id, start_time, end_time, service_type, location, status)\n' +
    '                                VALUES ($1, $2, $3, $4, $5, $6)\n' +
    '                            ',
  duration: 307,
  rows: 1
}
[DEBUG] 2025-11-28T06:56:08.375Z - Executed query {
  text: '\n' +
    '                                INSERT INTO slots (slot_id, start_time, end_time, service_type, location, status)\n' +
    '                                VALUES ($1, $2, $3, $4, $5, $6)\n' +
    '                            ',
  duration: 303,
  rows: 1
}
[DEBUG] 2025-11-28T06:56:08.676Z - Executed query {
  text: '\n' +
    '                                INSERT INTO slots (slot_id, start_time, end_time, service_type, location, status)\n' +
    '                                VALUES ($1, $2, $3, $4, $5, $6)\n' +
    '                            ',
  duration: 301,
  rows: 1
}
[DEBUG] 2025-11-28T06:56:08.975Z - Executed query {
  text: '\n' +
    '                                INSERT INTO slots (slot_id, start_time, end_time, service_type, location, status)\n' +
    '                                VALUES ($1, $2, $3, $4, $5, $6)\n' +
    '                            ',
  duration: 298,
  rows: 1
}
[DEBUG] 2025-11-28T06:56:09.280Z - Executed query {
  text: '\n' +
    '                                INSERT INTO slots (slot_id, start_time, end_time, service_type, location, status)\n' +
    '                                VALUES ($1, $2, $3, $4, $5, $6)\n' +
    '                            ',
  duration: 305,
  rows: 1
}
[DEBUG] 2025-11-28T06:56:09.576Z - Executed query {
  text: '\n' +
    '                                INSERT INTO slots (slot_id, start_time, end_time, service_type, location, status)\n' +
    '                                VALUES ($1, $2, $3, $4, $5, $6)\n' +
    '                            ',
  duration: 296,
  rows: 1
}
[DEBUG] 2025-11-28T06:56:09.888Z - Executed query {
  text: '\n' +
    '                                INSERT INTO slots (slot_id, start_time, end_time, service_type, location, status)\n' +
    '                                VALUES ($1, $2, $3, $4, $5, $6)\n' +
    '                            ',
  duration: 312,
  rows: 1
}
[DEBUG] 2025-11-28T06:56:10.196Z - Executed query {
  text: '\n' +
    '                                INSERT INTO slots (slot_id, start_time, end_time, service_type, location, status)\n' +
    '                                VALUES ($1, $2, $3, $4, $5, $6)\n' +
    '                            ',
  duration: 308,
  rows: 1
}
[DEBUG] 2025-11-28T06:56:10.530Z - Executed query {
  text: '\n' +
    '                                INSERT INTO slots (slot_id, start_time, end_time, service_type, location, status)\n' +
    '                                VALUES ($1, $2, $3, $4, $5, $6)\n' +
    '                            ',
  duration: 333,
  rows: 1
}
  Created 99 slots for 2025-12-04
Creating slots for 2025-12-05:
[DEBUG] 2025-11-28T06:56:10.826Z - Executed query {
  text: '\n' +
    '                            INSERT INTO slots (slot_id, start_time, end_time, service_type, location, status)\n' +
    '                            VALUES ($1, $2, $3, $4, $5, $6)\n' +
    '                        ',
  duration: 295,
  rows: 1
}
[DEBUG] 2025-11-28T06:56:11.149Z - Executed query {
  text: '\n' +
    '                            INSERT INTO slots (slot_id, start_time, end_time, service_type, location, status)\n' +
    '                            VALUES ($1, $2, $3, $4, $5, $6)\n' +
    '                        ',
  duration: 323,
  rows: 1
}
[DEBUG] 2025-11-28T06:56:11.452Z - Executed query {
  text: '\n' +
    '                            INSERT INTO slots (slot_id, start_time, end_time, service_type, location, status)\n' +
    '                            VALUES ($1, $2, $3, $4, $5, $6)\n' +
    '                        ',
  duration: 303,
  rows: 1
}
[DEBUG] 2025-11-28T06:56:11.747Z - Executed query {
  text: '\n' +
    '                            INSERT INTO slots (slot_id, start_time, end_time, service_type, location, status)\n' +
    '                            VALUES ($1, $2, $3, $4, $5, $6)\n' +
    '                        ',
  duration: 295,
  rows: 1
}
[DEBUG] 2025-11-28T06:56:12.058Z - Executed query {
  text: '\n' +
    '                            INSERT INTO slots (slot_id, start_time, end_time, service_type, location, status)\n' +
    '                            VALUES ($1, $2, $3, $4, $5, $6)\n' +
    '                        ',
  duration: 311,
  rows: 1
}
[DEBUG] 2025-11-28T06:56:12.378Z - Executed query {
  text: '\n' +
    '                            INSERT INTO slots (slot_id, start_time, end_time, service_type, location, status)\n' +
    '                            VALUES ($1, $2, $3, $4, $5, $6)\n' +
    '                        ',
  duration: 319,
  rows: 1
}
[DEBUG] 2025-11-28T06:56:12.677Z - Executed query {
  text: '\n' +
    '                            INSERT INTO slots (slot_id, start_time, end_time, service_type, location, status)\n' +
    '                            VALUES ($1, $2, $3, $4, $5, $6)\n' +
    '                        ',
  duration: 299,
  rows: 1
}
[DEBUG] 2025-11-28T06:56:12.978Z - Executed query {
  text: '\n' +
    '                            INSERT INTO slots (slot_id, start_time, end_time, service_type, location, status)\n' +
    '                            VALUES ($1, $2, $3, $4, $5, $6)\n' +
    '                        ',
  duration: 300,
  rows: 1
}
[DEBUG] 2025-11-28T06:56:13.279Z - Executed query {
  text: '\n' +
    '                            INSERT INTO slots (slot_id, start_time, end_time, service_type, location, status)\n' +
    '                            VALUES ($1, $2, $3, $4, $5, $6)\n' +
    '                        ',
  duration: 301,
  rows: 1
}
[DEBUG] 2025-11-28T06:56:13.584Z - Executed query {
  text: '\n' +
    '                                INSERT INTO slots (slot_id, start_time, end_time, service_type, location, status)\n' +
    '                                VALUES ($1, $2, $3, $4, $5, $6)\n' +
    '                            ',
  duration: 304,
  rows: 1
}
[DEBUG] 2025-11-28T06:56:13.897Z - Executed query {
  text: '\n' +
    '                                INSERT INTO slots (slot_id, start_time, end_time, service_type, location, status)\n' +
    '                                VALUES ($1, $2, $3, $4, $5, $6)\n' +
    '                            ',
  duration: 312,
  rows: 1
}
[DEBUG] 2025-11-28T06:56:14.193Z - Executed query {
  text: '\n' +
    '                                INSERT INTO slots (slot_id, start_time, end_time, service_type, location, status)\n' +
    '                                VALUES ($1, $2, $3, $4, $5, $6)\n' +
    '                            ',
  duration: 296,
  rows: 1
}
[DEBUG] 2025-11-28T06:56:14.502Z - Executed query {
  text: '\n' +
    '                                INSERT INTO slots (slot_id, start_time, end_time, service_type, location, status)\n' +
    '                                VALUES ($1, $2, $3, $4, $5, $6)\n' +
    '                            ',
  duration: 309,
  rows: 1
}
[DEBUG] 2025-11-28T06:56:14.804Z - Executed query {
  text: '\n' +
    '                                INSERT INTO slots (slot_id, start_time, end_time, service_type, location, status)\n' +
    '                                VALUES ($1, $2, $3, $4, $5, $6)\n' +
    '                            ',
  duration: 302,
  rows: 1
}
[DEBUG] 2025-11-28T06:56:15.137Z - Executed query {
  text: '\n' +
    '                                INSERT INTO slots (slot_id, start_time, end_time, service_type, location, status)\n' +
    '                                VALUES ($1, $2, $3, $4, $5, $6)\n' +
    '                            ',
  duration: 333,
  rows: 1
}
[DEBUG] 2025-11-28T06:56:15.433Z - Executed query {
  text: '\n' +
    '                                INSERT INTO slots (slot_id, start_time, end_time, service_type, location, status)\n' +
    '                                VALUES ($1, $2, $3, $4, $5, $6)\n' +
    '                            ',
  duration: 296,
  rows: 1
}
[DEBUG] 2025-11-28T06:56:15.729Z - Executed query {
  text: '\n' +
    '                                INSERT INTO slots (slot_id, start_time, end_time, service_type, location, status)\n' +
    '                                VALUES ($1, $2, $3, $4, $5, $6)\n' +
    '                            ',
  duration: 296,
  rows: 1
}
[DEBUG] 2025-11-28T06:56:16.028Z - Executed query {
  text: '\n' +
    '                                INSERT INTO slots (slot_id, start_time, end_time, service_type, location, status)\n' +
    '                                VALUES ($1, $2, $3, $4, $5, $6)\n' +
    '                            ',
  duration: 299,
  rows: 1
}
[DEBUG] 2025-11-28T06:56:17.375Z - Executed query {
  text: '\n' +
    '                                INSERT INTO slots (slot_id, start_time, end_time, service_type, location, status)\n' +
    '                                VALUES ($1, $2, $3, $4, $5, $6)\n' +
    '                            ',
  duration: 1345,
  rows: 1
}
[DEBUG] 2025-11-28T06:56:17.695Z - Executed query {
  text: '\n' +
    '                                INSERT INTO slots (slot_id, start_time, end_time, service_type, location, status)\n' +
    '                                VALUES ($1, $2, $3, $4, $5, $6)\n' +
    '                            ',
  duration: 320,
  rows: 1
}
[DEBUG] 2025-11-28T06:56:18.007Z - Executed query {
  text: '\n' +
    '                                INSERT INTO slots (slot_id, start_time, end_time, service_type, location, status)\n' +
    '                                VALUES ($1, $2, $3, $4, $5, $6)\n' +
    '                            ',
  duration: 312,
  rows: 1
}
[DEBUG] 2025-11-28T06:56:18.305Z - Executed query {
  text: '\n' +
    '                                INSERT INTO slots (slot_id, start_time, end_time, service_type, location, status)\n' +
    '                                VALUES ($1, $2, $3, $4, $5, $6)\n' +
    '                            ',
  duration: 297,
  rows: 1
}
[DEBUG] 2025-11-28T06:56:18.613Z - Executed query {
  text: '\n' +
    '                                INSERT INTO slots (slot_id, start_time, end_time, service_type, location, status)\n' +
    '                                VALUES ($1, $2, $3, $4, $5, $6)\n' +
    '                            ',
  duration: 307,
  rows: 1
}
[DEBUG] 2025-11-28T06:56:18.910Z - Executed query {
  text: '\n' +
    '                                INSERT INTO slots (slot_id, start_time, end_time, service_type, location, status)\n' +
    '                                VALUES ($1, $2, $3, $4, $5, $6)\n' +
    '                            ',
  duration: 297,
  rows: 1
}
[DEBUG] 2025-11-28T06:56:19.208Z - Executed query {
  text: '\n' +
    '                                INSERT INTO slots (slot_id, start_time, end_time, service_type, location, status)\n' +
    '                                VALUES ($1, $2, $3, $4, $5, $6)\n' +
    '                            ',
  duration: 298,
  rows: 1
}
[DEBUG] 2025-11-28T06:56:19.503Z - Executed query {
  text: '\n' +
    '                                INSERT INTO slots (slot_id, start_time, end_time, service_type, location, status)\n' +
    '                                VALUES ($1, $2, $3, $4, $5, $6)\n' +
    '                            ',
  duration: 294,
  rows: 1
}
[DEBUG] 2025-11-28T06:56:19.797Z - Executed query {
  text: '\n' +
    '                                INSERT INTO slots (slot_id, start_time, end_time, service_type, location, status)\n' +
    '                                VALUES ($1, $2, $3, $4, $5, $6)\n' +
    '                            ',
  duration: 293,
  rows: 1
}
[DEBUG] 2025-11-28T06:56:20.094Z - Executed query {
  text: '\n' +
    '                                INSERT INTO slots (slot_id, start_time, end_time, service_type, location, status)\n' +
    '                                VALUES ($1, $2, $3, $4, $5, $6)\n' +
    '                            ',
  duration: 296,
  rows: 1
}
[DEBUG] 2025-11-28T06:56:20.391Z - Executed query {
  text: '\n' +
    '                                INSERT INTO slots (slot_id, start_time, end_time, service_type, location, status)\n' +
    '                                VALUES ($1, $2, $3, $4, $5, $6)\n' +
    '                            ',
  duration: 296,
  rows: 1
}
[DEBUG] 2025-11-28T06:56:20.687Z - Executed query {
  text: '\n' +
    '                                INSERT INTO slots (slot_id, start_time, end_time, service_type, location, status)\n' +
    '                                VALUES ($1, $2, $3, $4, $5, $6)\n' +
    '                            ',
  duration: 296,
  rows: 1
}
[DEBUG] 2025-11-28T06:56:20.992Z - Executed query {
  text: '\n' +
    '                                INSERT INTO slots (slot_id, start_time, end_time, service_type, location, status)\n' +
    '                                VALUES ($1, $2, $3, $4, $5, $6)\n' +
    '                            ',
  duration: 305,
  rows: 1
}
[DEBUG] 2025-11-28T06:56:21.301Z - Executed query {
  text: '\n' +
    '                                INSERT INTO slots (slot_id, start_time, end_time, service_type, location, status)\n' +
    '                                VALUES ($1, $2, $3, $4, $5, $6)\n' +
    '                            ',
  duration: 308,
  rows: 1
}
[DEBUG] 2025-11-28T06:56:21.604Z - Executed query {
  text: '\n' +
    '                                INSERT INTO slots (slot_id, start_time, end_time, service_type, location, status)\n' +
    '                                VALUES ($1, $2, $3, $4, $5, $6)\n' +
    '                            ',
  duration: 303,
  rows: 1
}
[DEBUG] 2025-11-28T06:56:21.903Z - Executed query {
  text: '\n' +
    '                            INSERT INTO slots (slot_id, start_time, end_time, service_type, location, status)\n' +
    '                            VALUES ($1, $2, $3, $4, $5, $6)\n' +
    '                        ',
  duration: 299,
  rows: 1
}
[DEBUG] 2025-11-28T06:56:22.202Z - Executed query {
  text: '\n' +
    '                            INSERT INTO slots (slot_id, start_time, end_time, service_type, location, status)\n' +
    '                            VALUES ($1, $2, $3, $4, $5, $6)\n' +
    '                        ',
  duration: 299,
  rows: 1
}
[DEBUG] 2025-11-28T06:56:22.514Z - Executed query {
  text: '\n' +
    '                            INSERT INTO slots (slot_id, start_time, end_time, service_type, location, status)\n' +
    '                            VALUES ($1, $2, $3, $4, $5, $6)\n' +
    '                        ',
  duration: 311,
  rows: 1
}
[DEBUG] 2025-11-28T06:56:22.809Z - Executed query {
  text: '\n' +
    '                            INSERT INTO slots (slot_id, start_time, end_time, service_type, location, status)\n' +
    '                            VALUES ($1, $2, $3, $4, $5, $6)\n' +
    '                        ',
  duration: 294,
  rows: 1
}
[DEBUG] 2025-11-28T06:56:23.104Z - Executed query {
  text: '\n' +
    '                            INSERT INTO slots (slot_id, start_time, end_time, service_type, location, status)\n' +
    '                            VALUES ($1, $2, $3, $4, $5, $6)\n' +
    '                        ',
  duration: 295,
  rows: 1
}
[DEBUG] 2025-11-28T06:56:23.411Z - Executed query {
  text: '\n' +
    '                            INSERT INTO slots (slot_id, start_time, end_time, service_type, location, status)\n' +
    '                            VALUES ($1, $2, $3, $4, $5, $6)\n' +
    '                        ',
  duration: 306,
  rows: 1
}
[DEBUG] 2025-11-28T06:56:23.711Z - Executed query {
  text: '\n' +
    '                            INSERT INTO slots (slot_id, start_time, end_time, service_type, location, status)\n' +
    '                            VALUES ($1, $2, $3, $4, $5, $6)\n' +
    '                        ',
  duration: 300,
  rows: 1
}
[DEBUG] 2025-11-28T06:56:24.014Z - Executed query {
  text: '\n' +
    '                            INSERT INTO slots (slot_id, start_time, end_time, service_type, location, status)\n' +
    '                            VALUES ($1, $2, $3, $4, $5, $6)\n' +
    '                        ',
  duration: 303,
  rows: 1
}
[DEBUG] 2025-11-28T06:56:24.315Z - Executed query {
  text: '\n' +
    '                            INSERT INTO slots (slot_id, start_time, end_time, service_type, location, status)\n' +
    '                            VALUES ($1, $2, $3, $4, $5, $6)\n' +
    '                        ',
  duration: 300,
  rows: 1
}
[DEBUG] 2025-11-28T06:56:24.615Z - Executed query {
  text: '\n' +
    '                                INSERT INTO slots (slot_id, start_time, end_time, service_type, location, status)\n' +
    '                                VALUES ($1, $2, $3, $4, $5, $6)\n' +
    '                            ',
  duration: 300,
  rows: 1
}
[DEBUG] 2025-11-28T06:56:24.910Z - Executed query {
  text: '\n' +
    '                                INSERT INTO slots (slot_id, start_time, end_time, service_type, location, status)\n' +
    '                                VALUES ($1, $2, $3, $4, $5, $6)\n' +
    '                            ',
  duration: 295,
  rows: 1
}
[DEBUG] 2025-11-28T06:56:25.205Z - Executed query {
  text: '\n' +
    '                                INSERT INTO slots (slot_id, start_time, end_time, service_type, location, status)\n' +
    '                                VALUES ($1, $2, $3, $4, $5, $6)\n' +
    '                            ',
  duration: 294,
  rows: 1
}
[DEBUG] 2025-11-28T06:56:25.515Z - Executed query {
  text: '\n' +
    '                                INSERT INTO slots (slot_id, start_time, end_time, service_type, location, status)\n' +
    '                                VALUES ($1, $2, $3, $4, $5, $6)\n' +
    '                            ',
  duration: 309,
  rows: 1
}
[DEBUG] 2025-11-28T06:56:25.815Z - Executed query {
  text: '\n' +
    '                                INSERT INTO slots (slot_id, start_time, end_time, service_type, location, status)\n' +
    '                                VALUES ($1, $2, $3, $4, $5, $6)\n' +
    '                            ',
  duration: 300,
  rows: 1
}
[DEBUG] 2025-11-28T06:56:26.109Z - Executed query {
  text: '\n' +
    '                                INSERT INTO slots (slot_id, start_time, end_time, service_type, location, status)\n' +
    '                                VALUES ($1, $2, $3, $4, $5, $6)\n' +
    '                            ',
  duration: 294,
  rows: 1
}
[DEBUG] 2025-11-28T06:56:26.404Z - Executed query {
  text: '\n' +
    '                                INSERT INTO slots (slot_id, start_time, end_time, service_type, location, status)\n' +
    '                                VALUES ($1, $2, $3, $4, $5, $6)\n' +
    '                            ',
  duration: 295,
  rows: 1
}
[DEBUG] 2025-11-28T06:56:26.708Z - Executed query {
  text: '\n' +
    '                                INSERT INTO slots (slot_id, start_time, end_time, service_type, location, status)\n' +
    '                                VALUES ($1, $2, $3, $4, $5, $6)\n' +
    '                            ',
  duration: 303,
  rows: 1
}
[DEBUG] 2025-11-28T06:56:27.007Z - Executed query {
  text: '\n' +
    '                                INSERT INTO slots (slot_id, start_time, end_time, service_type, location, status)\n' +
    '                                VALUES ($1, $2, $3, $4, $5, $6)\n' +
    '                            ',
  duration: 298,
  rows: 1
}
[DEBUG] 2025-11-28T06:56:27.306Z - Executed query {
  text: '\n' +
    '                                INSERT INTO slots (slot_id, start_time, end_time, service_type, location, status)\n' +
    '                                VALUES ($1, $2, $3, $4, $5, $6)\n' +
    '                            ',
  duration: 298,
  rows: 1
}
[DEBUG] 2025-11-28T06:56:27.612Z - Executed query {
  text: '\n' +
    '                                INSERT INTO slots (slot_id, start_time, end_time, service_type, location, status)\n' +
    '                                VALUES ($1, $2, $3, $4, $5, $6)\n' +
    '                            ',
  duration: 306,
  rows: 1
}
[DEBUG] 2025-11-28T06:56:27.925Z - Executed query {
  text: '\n' +
    '                                INSERT INTO slots (slot_id, start_time, end_time, service_type, location, status)\n' +
    '                                VALUES ($1, $2, $3, $4, $5, $6)\n' +
    '                            ',
  duration: 313,
  rows: 1
}
[DEBUG] 2025-11-28T06:56:28.223Z - Executed query {
  text: '\n' +
    '                                INSERT INTO slots (slot_id, start_time, end_time, service_type, location, status)\n' +
    '                                VALUES ($1, $2, $3, $4, $5, $6)\n' +
    '                            ',
  duration: 298,
  rows: 1
}
[DEBUG] 2025-11-28T06:56:28.524Z - Executed query {
  text: '\n' +
    '                                INSERT INTO slots (slot_id, start_time, end_time, service_type, location, status)\n' +
    '                                VALUES ($1, $2, $3, $4, $5, $6)\n' +
    '                            ',
  duration: 300,
  rows: 1
}
[DEBUG] 2025-11-28T06:56:28.819Z - Executed query {
  text: '\n' +
    '                                INSERT INTO slots (slot_id, start_time, end_time, service_type, location, status)\n' +
    '                                VALUES ($1, $2, $3, $4, $5, $6)\n' +
    '                            ',
  duration: 295,
  rows: 1
}
[DEBUG] 2025-11-28T06:56:29.122Z - Executed query {
  text: '\n' +
    '                                INSERT INTO slots (slot_id, start_time, end_time, service_type, location, status)\n' +
    '                                VALUES ($1, $2, $3, $4, $5, $6)\n' +
    '                            ',
  duration: 303,
  rows: 1
}
[DEBUG] 2025-11-28T06:56:29.416Z - Executed query {
  text: '\n' +
    '                                INSERT INTO slots (slot_id, start_time, end_time, service_type, location, status)\n' +
    '                                VALUES ($1, $2, $3, $4, $5, $6)\n' +
    '                            ',
  duration: 293,
  rows: 1
}
[DEBUG] 2025-11-28T06:56:29.720Z - Executed query {
  text: '\n' +
    '                                INSERT INTO slots (slot_id, start_time, end_time, service_type, location, status)\n' +
    '                                VALUES ($1, $2, $3, $4, $5, $6)\n' +
    '                            ',
  duration: 303,
  rows: 1
}
[DEBUG] 2025-11-28T06:56:30.031Z - Executed query {
  text: '\n' +
    '                                INSERT INTO slots (slot_id, start_time, end_time, service_type, location, status)\n' +
    '                                VALUES ($1, $2, $3, $4, $5, $6)\n' +
    '                            ',
  duration: 311,
  rows: 1
}
[DEBUG] 2025-11-28T06:56:30.337Z - Executed query {
  text: '\n' +
    '                                INSERT INTO slots (slot_id, start_time, end_time, service_type, location, status)\n' +
    '                                VALUES ($1, $2, $3, $4, $5, $6)\n' +
    '                            ',
  duration: 306,
  rows: 1
}
[DEBUG] 2025-11-28T06:56:30.645Z - Executed query {
  text: '\n' +
    '                                INSERT INTO slots (slot_id, start_time, end_time, service_type, location, status)\n' +
    '                                VALUES ($1, $2, $3, $4, $5, $6)\n' +
    '                            ',
  duration: 307,
  rows: 1
}
[DEBUG] 2025-11-28T06:56:30.951Z - Executed query {
  text: '\n' +
    '                                INSERT INTO slots (slot_id, start_time, end_time, service_type, location, status)\n' +
    '                                VALUES ($1, $2, $3, $4, $5, $6)\n' +
    '                            ',
  duration: 306,
  rows: 1
}
[DEBUG] 2025-11-28T06:56:31.249Z - Executed query {
  text: '\n' +
    '                                INSERT INTO slots (slot_id, start_time, end_time, service_type, location, status)\n' +
    '                                VALUES ($1, $2, $3, $4, $5, $6)\n' +
    '                            ',
  duration: 297,
  rows: 1
}
[DEBUG] 2025-11-28T06:56:31.565Z - Executed query {
  text: '\n' +
    '                                INSERT INTO slots (slot_id, start_time, end_time, service_type, location, status)\n' +
    '                                VALUES ($1, $2, $3, $4, $5, $6)\n' +
    '                            ',
  duration: 316,
  rows: 1
}
[DEBUG] 2025-11-28T06:56:31.859Z - Executed query {
  text: '\n' +
    '                            INSERT INTO slots (slot_id, start_time, end_time, service_type, location, status)\n' +
    '                            VALUES ($1, $2, $3, $4, $5, $6)\n' +
    '                        ',
  duration: 294,
  rows: 1
}
[DEBUG] 2025-11-28T06:56:32.160Z - Executed query {
  text: '\n' +
    '                            INSERT INTO slots (slot_id, start_time, end_time, service_type, location, status)\n' +
    '                            VALUES ($1, $2, $3, $4, $5, $6)\n' +
    '                        ',
  duration: 300,
  rows: 1
}
[DEBUG] 2025-11-28T06:56:32.457Z - Executed query {
  text: '\n' +
    '                            INSERT INTO slots (slot_id, start_time, end_time, service_type, location, status)\n' +
    '                            VALUES ($1, $2, $3, $4, $5, $6)\n' +
    '                        ',
  duration: 297,
  rows: 1
}
[DEBUG] 2025-11-28T06:56:32.757Z - Executed query {
  text: '\n' +
    '                            INSERT INTO slots (slot_id, start_time, end_time, service_type, location, status)\n' +
    '                            VALUES ($1, $2, $3, $4, $5, $6)\n' +
    '                        ',
  duration: 300,
  rows: 1
}
[DEBUG] 2025-11-28T06:56:33.057Z - Executed query {
  text: '\n' +
    '                            INSERT INTO slots (slot_id, start_time, end_time, service_type, location, status)\n' +
    '                            VALUES ($1, $2, $3, $4, $5, $6)\n' +
    '                        ',
  duration: 299,
  rows: 1
}
[DEBUG] 2025-11-28T06:56:33.358Z - Executed query {
  text: '\n' +
    '                            INSERT INTO slots (slot_id, start_time, end_time, service_type, location, status)\n' +
    '                            VALUES ($1, $2, $3, $4, $5, $6)\n' +
    '                        ',
  duration: 301,
  rows: 1
}
[DEBUG] 2025-11-28T06:56:33.656Z - Executed query {
  text: '\n' +
    '                            INSERT INTO slots (slot_id, start_time, end_time, service_type, location, status)\n' +
    '                            VALUES ($1, $2, $3, $4, $5, $6)\n' +
    '                        ',
  duration: 298,
  rows: 1
}
[DEBUG] 2025-11-28T06:56:33.954Z - Executed query {
  text: '\n' +
    '                            INSERT INTO slots (slot_id, start_time, end_time, service_type, location, status)\n' +
    '                            VALUES ($1, $2, $3, $4, $5, $6)\n' +
    '                        ',
  duration: 298,
  rows: 1
}
[DEBUG] 2025-11-28T06:56:34.258Z - Executed query {
  text: '\n' +
    '                            INSERT INTO slots (slot_id, start_time, end_time, service_type, location, status)\n' +
    '                            VALUES ($1, $2, $3, $4, $5, $6)\n' +
    '                        ',
  duration: 303,
  rows: 1
}
[DEBUG] 2025-11-28T06:56:34.560Z - Executed query {
  text: '\n' +
    '                                INSERT INTO slots (slot_id, start_time, end_time, service_type, location, status)\n' +
    '                                VALUES ($1, $2, $3, $4, $5, $6)\n' +
    '                            ',
  duration: 302,
  rows: 1
}
[DEBUG] 2025-11-28T06:56:34.854Z - Executed query {
  text: '\n' +
    '                                INSERT INTO slots (slot_id, start_time, end_time, service_type, location, status)\n' +
    '                                VALUES ($1, $2, $3, $4, $5, $6)\n' +
    '                            ',
  duration: 294,
  rows: 1
}
[DEBUG] 2025-11-28T06:56:35.150Z - Executed query {
  text: '\n' +
    '                                INSERT INTO slots (slot_id, start_time, end_time, service_type, location, status)\n' +
    '                                VALUES ($1, $2, $3, $4, $5, $6)\n' +
    '                            ',
  duration: 296,
  rows: 1
}
[DEBUG] 2025-11-28T06:56:35.445Z - Executed query {
  text: '\n' +
    '                                INSERT INTO slots (slot_id, start_time, end_time, service_type, location, status)\n' +
    '                                VALUES ($1, $2, $3, $4, $5, $6)\n' +
    '                            ',
  duration: 295,
  rows: 1
}
[DEBUG] 2025-11-28T06:56:35.743Z - Executed query {
  text: '\n' +
    '                                INSERT INTO slots (slot_id, start_time, end_time, service_type, location, status)\n' +
    '                                VALUES ($1, $2, $3, $4, $5, $6)\n' +
    '                            ',
  duration: 298,
  rows: 1
}
[DEBUG] 2025-11-28T06:56:36.038Z - Executed query {
  text: '\n' +
    '                                INSERT INTO slots (slot_id, start_time, end_time, service_type, location, status)\n' +
    '                                VALUES ($1, $2, $3, $4, $5, $6)\n' +
    '                            ',
  duration: 294,
  rows: 1
}
[DEBUG] 2025-11-28T06:56:36.343Z - Executed query {
  text: '\n' +
    '                                INSERT INTO slots (slot_id, start_time, end_time, service_type, location, status)\n' +
    '                                VALUES ($1, $2, $3, $4, $5, $6)\n' +
    '                            ',
  duration: 304,
  rows: 1
}
[DEBUG] 2025-11-28T06:56:36.640Z - Executed query {
  text: '\n' +
    '                                INSERT INTO slots (slot_id, start_time, end_time, service_type, location, status)\n' +
    '                                VALUES ($1, $2, $3, $4, $5, $6)\n' +
    '                            ',
  duration: 297,
  rows: 1
}
[DEBUG] 2025-11-28T06:56:36.948Z - Executed query {
  text: '\n' +
    '                                INSERT INTO slots (slot_id, start_time, end_time, service_type, location, status)\n' +
    '                                VALUES ($1, $2, $3, $4, $5, $6)\n' +
    '                            ',
  duration: 308,
  rows: 1
}
[DEBUG] 2025-11-28T06:56:37.273Z - Executed query {
  text: '\n' +
    '                                INSERT INTO slots (slot_id, start_time, end_time, service_type, location, status)\n' +
    '                                VALUES ($1, $2, $3, $4, $5, $6)\n' +
    '                            ',
  duration: 324,
  rows: 1
}
[DEBUG] 2025-11-28T06:56:37.570Z - Executed query {
  text: '\n' +
    '                                INSERT INTO slots (slot_id, start_time, end_time, service_type, location, status)\n' +
    '                                VALUES ($1, $2, $3, $4, $5, $6)\n' +
    '                            ',
  duration: 296,
  rows: 1
}
[DEBUG] 2025-11-28T06:56:37.865Z - Executed query {
  text: '\n' +
    '                                INSERT INTO slots (slot_id, start_time, end_time, service_type, location, status)\n' +
    '                                VALUES ($1, $2, $3, $4, $5, $6)\n' +
    '                            ',
  duration: 295,
  rows: 1
}
[DEBUG] 2025-11-28T06:56:38.161Z - Executed query {
  text: '\n' +
    '                                INSERT INTO slots (slot_id, start_time, end_time, service_type, location, status)\n' +
    '                                VALUES ($1, $2, $3, $4, $5, $6)\n' +
    '                            ',
  duration: 296,
  rows: 1
}
[DEBUG] 2025-11-28T06:56:38.455Z - Executed query {
  text: '\n' +
    '                                INSERT INTO slots (slot_id, start_time, end_time, service_type, location, status)\n' +
    '                                VALUES ($1, $2, $3, $4, $5, $6)\n' +
    '                            ',
  duration: 293,
  rows: 1
}
[DEBUG] 2025-11-28T06:56:38.765Z - Executed query {
  text: '\n' +
    '                                INSERT INTO slots (slot_id, start_time, end_time, service_type, location, status)\n' +
    '                                VALUES ($1, $2, $3, $4, $5, $6)\n' +
    '                            ',
  duration: 309,
  rows: 1
}
[DEBUG] 2025-11-28T06:56:39.060Z - Executed query {
  text: '\n' +
    '                                INSERT INTO slots (slot_id, start_time, end_time, service_type, location, status)\n' +
    '                                VALUES ($1, $2, $3, $4, $5, $6)\n' +
    '                            ',
  duration: 295,
  rows: 1
}
[DEBUG] 2025-11-28T06:56:39.362Z - Executed query {
  text: '\n' +
    '                                INSERT INTO slots (slot_id, start_time, end_time, service_type, location, status)\n' +
    '                                VALUES ($1, $2, $3, $4, $5, $6)\n' +
    '                            ',
  duration: 302,
  rows: 1
}
[DEBUG] 2025-11-28T06:56:39.658Z - Executed query {
  text: '\n' +
    '                                INSERT INTO slots (slot_id, start_time, end_time, service_type, location, status)\n' +
    '                                VALUES ($1, $2, $3, $4, $5, $6)\n' +
    '                            ',
  duration: 295,
  rows: 1
}
[DEBUG] 2025-11-28T06:56:39.962Z - Executed query {
  text: '\n' +
    '                                INSERT INTO slots (slot_id, start_time, end_time, service_type, location, status)\n' +
    '                                VALUES ($1, $2, $3, $4, $5, $6)\n' +
    '                            ',
  duration: 303,
  rows: 1
}
[DEBUG] 2025-11-28T06:56:40.258Z - Executed query {
  text: '\n' +
    '                                INSERT INTO slots (slot_id, start_time, end_time, service_type, location, status)\n' +
    '                                VALUES ($1, $2, $3, $4, $5, $6)\n' +
    '                            ',
  duration: 296,
  rows: 1
}
[DEBUG] 2025-11-28T06:56:40.564Z - Executed query {
  text: '\n' +
    '                                INSERT INTO slots (slot_id, start_time, end_time, service_type, location, status)\n' +
    '                                VALUES ($1, $2, $3, $4, $5, $6)\n' +
    '                            ',
  duration: 306,
  rows: 1
}
[DEBUG] 2025-11-28T06:56:40.858Z - Executed query {
  text: '\n' +
    '                                INSERT INTO slots (slot_id, start_time, end_time, service_type, location, status)\n' +
    '                                VALUES ($1, $2, $3, $4, $5, $6)\n' +
    '                            ',
  duration: 294,
  rows: 1
}
[DEBUG] 2025-11-28T06:56:41.154Z - Executed query {
  text: '\n' +
    '                                INSERT INTO slots (slot_id, start_time, end_time, service_type, location, status)\n' +
    '                                VALUES ($1, $2, $3, $4, $5, $6)\n' +
    '                            ',
  duration: 295,
  rows: 1
}
[DEBUG] 2025-11-28T06:56:41.449Z - Executed query {
  text: '\n' +
    '                                INSERT INTO slots (slot_id, start_time, end_time, service_type, location, status)\n' +
    '                                VALUES ($1, $2, $3, $4, $5, $6)\n' +
    '                            ',
  duration: 295,
  rows: 1
}
  Created 99 slots for 2025-12-05

✓ Created 693 total slots

4. Verifying slot creation:

[DEBUG] 2025-11-28T06:56:41.764Z - Executed query {
  text: '\n' +
    '            SELECT service_type, location,\n' +
    '                   COUNT(*) as total_count,\n' +
    '                   COUNT(*) / 7 as slots_per_day\n' +
    '            FROM slots\n' +
    "            WHERE status = 'available'\n" +
    '            GROUP BY service_type, location\n' +
    '            ORDER BY service_type, location;\n' +
    '        ',
  duration: 314,
  rows: 12
}
Slots per day by service and location:

Dexa:
  Precision Imaging Center - Miami: 13 slots/day
  Precision Imaging Center - Tampa: 15 slots/day
  RES General Hospital: 22 slots/day

MRI:
  Precision Imaging Center - Miami: 1 slots/day
  Precision Imaging Center - Tampa: 1 slots/day
  RES General Hospital: 3 slots/day

Open MRI:
  Precision Imaging Center - Miami: 1 slots/day
  Precision Imaging Center - Tampa: 1 slots/day
  RES General Hospital: 3 slots/day

Open Upright MRI:
  Precision Imaging Center - Miami: 1 slots/day
  Precision Imaging Center - Tampa: 1 slots/day
  RES General Hospital: 3 slots/day
[DEBUG] 2025-11-28T06:56:42.065Z - Executed query {
  text: '\n' +
    '            SELECT service_type,\n' +
    "                   TO_CHAR(start_time AT TIME ZONE 'America/New_York', 'HH12:MI AM') as start_time,\n" +
    "                   TO_CHAR(end_time AT TIME ZONE 'America/New_York', 'HH12:MI AM') as end_time,\n" +
    '                   location\n' +
    '            FROM slots\n' +
    "            WHERE DATE(start_time AT TIME ZONE 'UTC') = DATE($1)\n" +
    "            AND service_type IN ('MRI', 'Open MRI', 'Open Upright MRI')\n" +
    "            AND location = 'RES General Hospital'\n" +
    "            AND status = 'available'\n" +
    '            ORDER BY service_type, start_time;\n' +
    '        ',
  duration: 301,
  rows: 0
}

MRI slots for tomorrow at RES General Hospital (Florida Time):

Testing availability query (Open MRI at RES General Hospital):
[DEBUG] 2025-11-28T06:56:42.381Z - Executed query {
  text: '\n' +
    '            SELECT slot_id,\n' +
    "                   TO_CHAR(start_time AT TIME ZONE 'America/New_York', 'YYYY-MM-DD HH12:MI AM') as appointment_time,\n" +
    '                   service_type,\n' +
    '                   location\n' +
    '            FROM slots\n' +
    '            WHERE start_time >= NOW()\n' +
    "            AND start_time <= NOW() + INTERVAL '7 days'\n" +
    "            AND LOWER(service_type) = LOWER('Open MRI')\n" +
    "            AND location = 'RES General Hospital'\n" +
    "            AND LOWER(status) = 'available'\n" +
    '            ORDER BY start_time\n' +
    '            LIMIT 3;\n' +
    '        ',
  duration: 315,
  rows: 3
}
  2025-11-29 06:00 PM - Open MRI at RES General Hospital
  2025-11-29 10:00 PM - Open MRI at RES General Hospital
  2025-11-30 01:00 AM - Open MRI at RES General Hospital

✅ FINAL SLOT SETUP COMPLETED!

📍 SUMMARY:
- Services: Dexa, MRI, Open MRI, Open Upright MRI
- Locations: 3 locations (RES General Hospital + 2 Precision Centers)
- MRI Types: 3 slots/day per location (8-9AM, 12-1PM, 3-4PM)
- Dexa: 24 slots/day per location (15-min slots in 3 windows)
- All times stored in UTC, displayed in Florida timezone
- Location column added for filtering!
